Workbook

Sheet Storage 
A1: Emp. No. | B1: Employee Name | C1: OLD Whereabouts | D1: New whereabouts | E1: Old Equipment Trainings Required As per Facility | F1: New Equipment Trainings Required As per Facility | G1: SOP Trainings Required As per Facility | H1: Other Trainings Required | I1: Change status
A2: G0010 | B2: Norbert Mueller | C2: MM office | D2: =VLOOKUP('Storage '!A2,METADATA!A:G,7,FALSE) -> MM office | E2: 0 | F2: =VLOOKUP(D2,'Required trainings'!A:B,2,FALSE) -> 0 | G2: 1 | H2: 1 | I2: =IF(C2=D2,"no change","change") -> no change
A3: Q0011 | B3: Mohamed Farkan Mohamed Sareek | C3: Admin office | D3: =VLOOKUP('Storage '!A3,METADATA!A:G,7,FALSE) -> Admin office | E3: 0 | F3: =VLOOKUP(D3,'Required trainings'!A:B,2,FALSE) -> 0 | G3: 1 | H3: 1 | I3: =IF(C3=D3,"no change","yes") -> no change
A4: Q0041 | B4: Destiny Emmanuel | C4: AMH | D4: =VLOOKUP('Storage '!A4,METADATA!A:G,7,FALSE) -> AMH | E4: 8 | F4: =VLOOKUP(D4,'Required trainings'!A:B,2,FALSE) -> 8 | G4: 3 | H4: 1 | I4: =IF(C4=D4,"no change","yes") -> no change
A5: Q0042 | B5: Abdunaser Ahmed Aragaw | C5: CM2 | D5: =VLOOKUP('Storage '!A5,METADATA!A:G,7,FALSE) -> CM2 | E5: 18 | F5: =VLOOKUP(D5,'Required trainings'!A:B,2,FALSE) -> 18 | G5: 4 | H5: 3 | I5: =IF(C5=D5,"no change","yes") -> no change
A6: Q0048 | B6: Rizardo Villalobos | C6: CM4 | D6: =VLOOKUP('Storage '!A6,METADATA!A:G,7,FALSE) -> CM4 | E6: 18 | F6: =VLOOKUP(D6,'Required trainings'!A:B,2,FALSE) -> 18 | G6: 4 | H6: 3 | I6: =IF(C6=D6,"no change","yes") -> no change
A7: Q0055 | B7: Chidanand Bhaskara Chaithanya | C7: QDF office | D7: =VLOOKUP('Storage '!A7,METADATA!A:G,7,FALSE) -> QDF office | E7: 0 | F7: =VLOOKUP(D7,'Required trainings'!A:B,2,FALSE) -> 0 | G7: 3 | H7: 1 | I7: =IF(C7=D7,"no change","yes") -> no change
A8: Q0058 | B8: Mahesh Ramachandra | C8: Technical support office | D8: =VLOOKUP('Storage '!A8,METADATA!A:G,7,FALSE) -> Technical support office | E8: 0 | F8: =VLOOKUP(D8,'Required trainings'!A:B,2,FALSE) -> 0 | G8: 3 | H8: 1 | I8: =IF(C8=D8,"no change","yes") -> no change
A9: Q0065 | B9: Joel Cabrillos Misa | C9: CM3 | D9: =VLOOKUP('Storage '!A9,METADATA!A:G,7,FALSE) -> CM3 | E9: 18 | F9: =VLOOKUP(D9,'Required trainings'!A:B,2,FALSE) -> 18 | G9: 4 | H9: 3 | I9: =IF(C9=D9,"no change","yes") -> no change
A10: Q0068 | B10: Ericson Murcillos Victorino | C10: CM1 | D10: =VLOOKUP('Storage '!A10,METADATA!A:G,7,FALSE) -> AMH | E10: 18 | F10: =VLOOKUP(D10,'Required trainings'!A:B,2,FALSE) -> 8 | G10: 4 | H10: 3 | I10: =IF(C10=D10,"no change","yes") -> yes
A11: Q0070 | B11: Fernan Dela Cruz | C11: Technical support office | D11: =VLOOKUP('Storage '!A11,METADATA!A:G,7,FALSE) -> Technical support office | E11: 0 | F11: =VLOOKUP(D11,'Required trainings'!A:B,2,FALSE) -> 0 | G11: 3 | H11: 1 | I11: =IF(C11=D11,"no change","yes") -> no change
A12: Q0077 | B12: Bindu Pillai | C12: Technical support office | D12: =VLOOKUP('Storage '!A12,METADATA!A:G,7,FALSE) -> Technical support office | E12: 0 | F12: =VLOOKUP(D12,'Required trainings'!A:B,2,FALSE) -> 0 | G12: 1 | H12: 1 | I12: =IF(C12=D12,"no change","yes") -> no change
A13: Q0082 | B13: Philippe Musangilay Kubula | C13: Admin office | D13: =VLOOKUP('Storage '!A13,METADATA!A:G,7,FALSE) -> Admin office | E13: 0 | F13: =VLOOKUP(D13,'Required trainings'!A:B,2,FALSE) -> 0 | G13: 1 | H13: 1 | I13: =IF(C13=D13,"no change","yes") -> no change
A14: Q0090 | B14: Sandy De Vera Apigo | C14: CM1 | D14: =VLOOKUP('Storage '!A14,METADATA!A:G,7,FALSE) -> CM1 | E14: 18 | F14: =VLOOKUP(D14,'Required trainings'!A:B,2,FALSE) -> 18 | G14: 4 | H14: 3 | I14: =IF(C14=D14,"no change","yes") -> no change
... A22: Q0138 | B22: Joevergil Cajocson Dormitorio | C22: CM2 | D22: =VLOOKUP('Storage '!A22,METADATA!A:G,7,FALSE) -> CM2 | E22: 18 | F22: =VLOOKUP(D22,'Required trainings'!A:B,2,FALSE) -> 18 | G22: 4 | H22: 3 | I22: =IF(C22=D22,"no change","yes") -> no change
A23: Q0139 | B23: Ricky Catibog Katigbak | C23: QNL | D23: =VLOOKUP('Storage '!A23,METADATA!A:G,7,FALSE) -> QNL | E23: 0 | F23: =VLOOKUP(D23,'Required trainings'!A:B,2,FALSE) -> 0 | I23: =IF(C23=D23,"no change","yes") -> no change
A24: Q0149 | B24: Venice Mendova Jadloc | C24: DFWH | D24: =VLOOKUP('Storage '!A24,METADATA!A:G,7,FALSE) -> Resigned | E24: 16 | F24: =VLOOKUP(D24,'Required trainings'!A:B,2,FALSE) -> 0 | G24: 2 | H24: 1 | I24: =IF(C24=D24,"no change","yes") -> yes
A25: Q0150 | B25: Lemuel Celeste Anacleto | C25: CM3 | D25: =VLOOKUP('Storage '!A25,METADATA!A:G,7,FALSE) -> CM3 | E25: 18 | F25: =VLOOKUP(D25,'Required trainings'!A:B,2,FALSE) -> 18 | G25: 4 | H25: 3 | I25: =IF(C25=D25,"no change","yes") -> no change
A26: Q0158 | B26: Arnel Butiu Guevarra | C26: CM4 | D26: =VLOOKUP('Storage '!A26,METADATA!A:G,7,FALSE) -> CM4 | E26: 18 | F26: =VLOOKUP(D26,'Required trainings'!A:B,2,FALSE) -> 18 | G26: 4 | H26: 3 | I26: =IF(C26=D26,"no change","yes") -> no change
A27: Q0159 | B27: Jessie Jr. Alcuizar Hellera | C27: Admin office | D27: =VLOOKUP('Storage '!A27,METADATA!A:G,7,FALSE) -> Admin office | E27: 0 | F27: =VLOOKUP(D27,'Required trainings'!A:B,2,FALSE) -> 0 | G27: 1 | H27: 1 | I27: =IF(C27=D27,"no change","yes") -> no change
A28: Q0165 | B28: Noel Jarabe Riego | C28: AMH | D28: =VLOOKUP('Storage '!A28,METADATA!A:G,7,FALSE) -> Resigned | E28: 8 | F28: =VLOOKUP(D28,'Required trainings'!A:B,2,FALSE) -> 0 | I28: =IF(C28=D28,"no change","yes") -> yes
A29: Q0170 | B29: Edilberto Angsioco | C29: CM2 | D29: =VLOOKUP('Storage '!A29,METADATA!A:G,7,FALSE) -> CM2 | E29: 18 | F29: =VLOOKUP(D29,'Required trainings'!A:B,2,FALSE) -> 18 | G29: 4 | H29: 3 | I29: =IF(C29=D29,"no change","yes") -> no change
A30: Q0185 | B30: Jose Dino Constantino | C30: Admin office | D30: =VLOOKUP('Storage '!A30,METADATA!A:G,7,FALSE) -> Admin office | E30: 0 | F30: =VLOOKUP(D30,'Required trainings'!A:B,2,FALSE) -> 0 | G30: 1 | H30: 1 | I30: =IF(C30=D30,"no change","yes") -> no change
A31: Q0187 | B31: Regin Alis | C31: CM4 | D31: =VLOOKUP('Storage '!A31,METADATA!A:G,7,FALSE) -> CM4 | E31: 18 | F31: =VLOOKUP(D31,'Required trainings'!A:B,2,FALSE) -> 18 | G31: 4 | H31: 3 | I31: =IF(C31=D31,"no change","yes") -> no change
A32: Q0188 | B32: Restito Fabic | C32: Admin office | D32: =VLOOKUP('Storage '!A32,METADATA!A:G,7,FALSE) -> Admin office | E32: 0 | F32: =VLOOKUP(D32,'Required trainings'!A:B,2,FALSE) -> 0 | G32: 3 | H32: 1 | I32: =IF(C32=D32,"no change","yes") -> no change
A33: Q0194 | B33: Kamalanathan Poopalapillai | C33: Pantry | D33: =VLOOKUP('Storage '!A33,METADATA!A:G,7,FALSE) -> Pantry | E33: 0 | F33: =VLOOKUP(D33,'Required trainings'!A:B,2,FALSE) -> 0 | G33: 1 | H33: 1 | I33: =IF(C33=D33,"no change","yes") -> no change
A34: Q0206 | B34: Anil Kumara | C34: Pantry | D34: =VLOOKUP('Storage '!A34,METADATA!A:G,7,FALSE) -> Pantry | E34: 0 | F34: =VLOOKUP(D34,'Required trainings'!A:B,2,FALSE) -> 0 | G34: 1 | H34: 1 | I34: =IF(C34=D34,"no change","yes") -> no change
A35: Q0207 | B35: Lani Fernando Kachchakaduge | C35: PM2 | D35: =VLOOKUP('Storage '!A35,METADATA!A:G,7,FALSE) -> PM2 | E35: 15 | F35: =VLOOKUP(D35,'Required trainings'!A:B,2,FALSE) -> 15 | G35: 4 | H35: 3 | I35: =IF(C35=D35,"no change","yes") -> no change
A36: Q0208 | B36: Sampath Chamin | C36: PM3 | D36: =VLOOKUP('Storage '!A36,METADATA!A:G,7,FALSE) -> PM3 | E36: 15 | F36: =VLOOKUP(D36,'Required trainings'!A:B,2,FALSE) -> 15 | G36: 4 | H36: 3 | I36: =IF(C36=D36,"no change","yes") -> no change
A37: Q0216 | B37: Raymond Ian Montero | C37: Store room | D37: =VLOOKUP('Storage '!A37,METADATA!A:G,7,FALSE) -> Store room | E37: 0 | F37: =VLOOKUP(D37,'Required trainings'!A:B,2,FALSE) -> 0 | G37: 1 | H37: 1 | I37: =IF(C37=D37,"no change","yes") -> no change
A38: Q0219 | B38: James Magnaye Catapia | C38: CM2 | D38: =VLOOKUP('Storage '!A38,METADATA!A:G,7,FALSE) -> CM3 | E38: 18 | F38: =VLOOKUP(D38,'Required trainings'!A:B,2,FALSE) -> 18 | G38: 4 | H38: 3 | I38: =IF(C38=D38,"no change","yes") -> yes
A39: Q0229 | B39: Marty Tolosa Ambas | C39: PM4 | D39: =VLOOKUP('Storage '!A39,METADATA!A:G,7,FALSE) -> Resigned | E39: 15 | F39: =VLOOKUP(D39,'Required trainings'!A:B,2,FALSE) -> 0 | G39: 4 | H39: 3 | I39: =IF(C39=D39,"no change","yes") -> yes
A40: Q0234 | B40: Nove Manuel Menorisa Tagpuno | C40: CM1 | D40: =VLOOKUP('Storage '!A40,METADATA!A:G,7,FALSE) -> CM1 | E40: 18 | F40: =VLOOKUP(D40,'Required trainings'!A:B,2,FALSE) -> 18 | G40: 4 | H40: 3 | I40: =IF(C40=D40,"no change","yes") -> no change
... A69: Q0418 | B69: Nathaniel Laguidao Gamosa | C69: Projects | D69: =VLOOKUP('Storage '!A69,METADATA!A:G,7,FALSE) -> Projects | E69: 0 | F69: =VLOOKUP(D69,'Required trainings'!A:B,2,FALSE) -> 0 | G69: 3 | H69: 1 | I69: =IF(C69=D69,"no change","yes") -> no change
A70: Q0424 | B70: Ernesto JR Leona Campana | C70: Jordan | D70: =VLOOKUP('Storage '!A70,METADATA!A:G,7,FALSE) -> QNL | E70: 0 | F70: =VLOOKUP(D70,'Required trainings'!A:B,2,FALSE) -> 0 | I70: =IF(C70=D70,"no change","yes") -> yes
A71: Q0426 | B71: William Villanueva Gutierrez | C71: Projects | D71: =VLOOKUP('Storage '!A71,METADATA!A:G,7,FALSE) -> Projects | E71: 0 | F71: =VLOOKUP(D71,'Required trainings'!A:B,2,FALSE) -> 0 | G71: 1 | H71: 0 | I71: =IF(C71=D71,"no change","yes") -> no change
A72: Q0428 | B72: Conrado DE Guzman Vineza | C72: PM | D72: =VLOOKUP('Storage '!A72,METADATA!A:G,7,FALSE) -> PM3 | E72: 15 | F72: =VLOOKUP(D72,'Required trainings'!A:B,2,FALSE) -> 15 | G72: 4 | H72: 3 | I72: =IF(C72=D72,"no change","yes") -> yes
A73: Q0429 | B73: Elecer Hernandez Llamoso | C73: DFWH | D73: =VLOOKUP('Storage '!A73,METADATA!A:G,7,FALSE) -> DFWH | E73: 16 | F73: =VLOOKUP(D73,'Required trainings'!A:B,2,FALSE) -> 16 | G73: 3 | H73: 1 | I73: =IF(C73=D73,"no change","yes") -> no change
A74: Q0430 | B74: Elesor JR Cas Frondozo | C74: CBF-AVI | D74: =VLOOKUP('Storage '!A74,METADATA!A:G,7,FALSE) -> CBF-AVI | E74: 7 | F74: =VLOOKUP(D74,'Required trainings'!A:B,2,FALSE) -> 7 | G74: 2 | H74: 1 | I74: =IF(C74=D74,"no change","yes") -> no change
A75: Q0432 | B75: Carlo Alcoran Tenorio | C75: CM2 | D75: =VLOOKUP('Storage '!A75,METADATA!A:G,7,FALSE) -> CM2 | E75: 18 | F75: =VLOOKUP(D75,'Required trainings'!A:B,2,FALSE) -> 18 | G75: 4 | H75: 3 | I75: =IF(C75=D75,"no change","yes") -> no change
A76: Q0433 | B76: Alvin Quizon Tabasa | C76: CBF-AVI | D76: =VLOOKUP('Storage '!A76,METADATA!A:G,7,FALSE) -> QNL | E76: 7 | F76: =VLOOKUP(D76,'Required trainings'!A:B,2,FALSE) -> 0 | G76: 2 | H76: 1 | I76: =IF(C76=D76,"no change","yes") -> yes
A77: Q0434 | B77: Miguelito Costelo Mainit | C77: CM1 | D77: =VLOOKUP('Storage '!A77,METADATA!A:G,7,FALSE) -> CM1 | E77: 18 | F77: =VLOOKUP(D77,'Required trainings'!A:B,2,FALSE) -> 18 | G77: 4 | H77: 3 | I77: =IF(C77=D77,"no change","yes") -> no change
A78: Q0436 | B78: Mohamed Nasardeen Mohamadu Main | C78: PM1 | D78: =VLOOKUP('Storage '!A78,METADATA!A:G,7,FALSE) -> PM1 | E78: 15 | F78: =VLOOKUP(D78,'Required trainings'!A:B,2,FALSE) -> 15 | G78: 4 | H78: 3 | I78: =IF(C78=D78,"no change","yes") -> no change
A79: Q0437 | B79: Dominic Munyua Kanyotu | C79: Store room | D79: =VLOOKUP('Storage '!A79,METADATA!A:G,7,FALSE) -> PM | E79: 0 | F79: =VLOOKUP(D79,'Required trainings'!A:B,2,FALSE) -> 15 | G79: 1 | H79: 1 | I79: =IF(C79=D79,"no change","yes") -> yes
A80: Q0440 | B80: Lenson Kiarie Karuru | C80: Admin office | D80: =VLOOKUP('Storage '!A80,METADATA!A:G,7,FALSE) -> Admin office | E80: 0 | F80: =VLOOKUP(D80,'Required trainings'!A:B,2,FALSE) -> 0 | G80: 1 | H80: 1 | I80: =IF(C80=D80,"no change","yes") -> no change
A81: Q0444 | B81: Ryan Mauring Adol | C81: CM3 | D81: =VLOOKUP('Storage '!A81,METADATA!A:G,7,FALSE) -> CM3 | E81: 18 | F81: =VLOOKUP(D81,'Required trainings'!A:B,2,FALSE) -> 18 | G81: 4 | H81: 3 | I81: =IF(C81=D81,"no change","yes") -> no change
A82: Q0445 | B82: Joey JR Tiwo Meramonte | C82: CM3 | D82: =VLOOKUP('Storage '!A82,METADATA!A:G,7,FALSE) -> CM3 | E82: 18 | F82: =VLOOKUP(D82,'Required trainings'!A:B,2,FALSE) -> 18 | G82: 4 | H82: 3 | I82: =IF(C82=D82,"no change","yes") -> no change
... A142: Q0549 | B142: John Michael Angelo Mesina Clemen | C142: ULD Stands | D142: =VLOOKUP('Storage '!A142,METADATA!A:G,7,FALSE) -> ULD Stands | E142: 3 | F142: =VLOOKUP(D142,'Required trainings'!A:B,2,FALSE) -> 3 | G142: 1 | H142: 3 | I142: =IF(C142=D142,"no change","yes") -> no change
A143: Q0550 | B143: Lemuel Carcellar Macatangay | C143: QNL | D143: =VLOOKUP('Storage '!A143,METADATA!A:G,7,FALSE) -> QNL | E143: 0 | F143: =VLOOKUP(D143,'Required trainings'!A:B,2,FALSE) -> 0 | G143: 7 | I143: =IF(C143=D143,"no change","yes") -> no change
A144: Q0551 | B144: Nikko Villanueva Cruz | C144: PM3 | D144: =VLOOKUP('Storage '!A144,METADATA!A:G,7,FALSE) -> Admin | E144: 15 | F144: =VLOOKUP(D144,'Required trainings'!A:B,2,FALSE) -> #N/A | G144: 4 | H144: 3 | I144: =IF(C144=D144,"no change","yes") -> yes
A145: Q0553 | B145: Justin Paolo Macatangay Ilao | C145: CM4 | D145: =VLOOKUP('Storage '!A145,METADATA!A:G,7,FALSE) -> CM4 | E145: 18 | F145: =VLOOKUP(D145,'Required trainings'!A:B,2,FALSE) -> 18 | G145: 4 | H145: 3 | I145: =IF(C145=D145,"no change","yes") -> no change
A146: Q0554 | B146: Jake Alinabon Salibay | C146: QNL | D146: =VLOOKUP('Storage '!A146,METADATA!A:G,7,FALSE) -> QNL | E146: 0 | F146: =VLOOKUP(D146,'Required trainings'!A:B,2,FALSE) -> 0 | G146: 1 | H146: 0 | I146: =IF(C146=D146,"no change","yes") -> no change
A147: Q0555 | B147: Marlon Yuson Pamplona | C147: PM2 | D147: =VLOOKUP('Storage '!A147,METADATA!A:G,7,FALSE) -> QNL | E147: 15 | F147: =VLOOKUP(D147,'Required trainings'!A:B,2,FALSE) -> 0 | G147: 4 | H147: 3 | I147: =IF(C147=D147,"no change","yes") -> yes
A148: Q0556 | B148: Joe Vergil Jr Calanza Dormitorio | C148: QNL | D148: =VLOOKUP('Storage '!A148,METADATA!A:G,7,FALSE) -> QNL | E148: 0 | F148: =VLOOKUP(D148,'Required trainings'!A:B,2,FALSE) -> 0 | G148: 5 | H148: 1 | I148: =IF(C148=D148,"no change","yes") -> no change
A149: Q0557 | B149: Bonifacio Arano Bayer | C149: Oman | D149: =VLOOKUP('Storage '!A149,METADATA!A:G,7,FALSE) -> Projects | E149: 0 | F149: =VLOOKUP(D149,'Required trainings'!A:B,2,FALSE) -> 0 | G149: 1 | H149: 0 | I149: =IF(C149=D149,"no change","yes") -> yes
A150: Q0559 | B150: Sumedha Pradeep Dissanayaka | C150: PM3 | D150: =VLOOKUP('Storage '!A150,METADATA!A:G,7,FALSE) -> PM3 | E150: 15 | F150: =VLOOKUP(D150,'Required trainings'!A:B,2,FALSE) -> 15 | G150: 4 | H150: 3 | I150: =IF(C150=D150,"no change","yes") -> no change
A151: Q0560 | B151: Yuvashanth Somasuntharam kukasuthan | C151: PM5 | D151: =VLOOKUP('Storage '!A151,METADATA!A:G,7,FALSE) -> ULD Stands | E151: 15 | F151: =VLOOKUP(D151,'Required trainings'!A:B,2,FALSE) -> 3 | G151: 4 | H151: 3 | I151: =IF(C151=D151,"no change","yes") -> yes
A152: Q0561 | B152: Jonel Catibog Katigbak | C152: PM1 | D152: =VLOOKUP('Storage '!A152,METADATA!A:G,7,FALSE) -> PM1 | E152: 15 | F152: =VLOOKUP(D152,'Required trainings'!A:B,2,FALSE) -> 15 | G152: 4 | H152: 3 | I152: =IF(C152=D152,"no change","yes") -> no change
A153: Q0562 | B153: Catalino Mendoza Rojas | C153: PM2 | D153: =VLOOKUP('Storage '!A153,METADATA!A:G,7,FALSE) -> Resigned | E153: 15 | F153: =VLOOKUP(D153,'Required trainings'!A:B,2,FALSE) -> 0 | G153: 4 | H153: 3 | I153: =IF(C153=D153,"no change","yes") -> yes
A154: Q0566 | B154: Murshidul Haq Patteri Thazhe Kuni | C154: Technical support office | D154: =VLOOKUP('Storage '!A154,METADATA!A:G,7,FALSE) -> Technical support office | E154: 0 | F154: =VLOOKUP(D154,'Required trainings'!A:B,2,FALSE) -> 0 | G154: 1 | H154: 1 | I154: =IF(C154=D154,"no change","yes") -> no change
A155: Q0567 | B155: Nisham Kizhakke Valappil | C155: Technical support office | D155: =VLOOKUP('Storage '!A155,METADATA!A:G,7,FALSE) -> Technical support office | E155: 0 | F155: =VLOOKUP(D155,'Required trainings'!A:B,2,FALSE) -> 0 | G155: 1 | H155: 1 | I155: =IF(C155=D155,"no change","yes") -> no change
... A170: Q0582 | B170: Mohomed Minnas Mohomed Ramees | C170: CBF-AVI | D170: =VLOOKUP('Storage '!A170,METADATA!A:G,7,FALSE) -> CBF-AVI | E170: 7 | F170: =VLOOKUP(D170,'Required trainings'!A:B,2,FALSE) -> 7 | G170: 2 | H170: 1 | I170: =IF(C170=D170,"no change","yes") -> no change
A171: Q0583 | B171: Mabin Pauly | C171: AMH | D171: =VLOOKUP('Storage '!A171,METADATA!A:G,7,FALSE) -> AMH | E171: 8 | F171: =VLOOKUP(D171,'Required trainings'!A:B,2,FALSE) -> 8 | I171: =IF(C171=D171,"no change","yes") -> no change
A172: Q0431 | B172: Jahsim Saycon Apila | C172: CM3 | D172: =VLOOKUP('Storage '!A172,METADATA!A:G,7,FALSE) -> Projects | E172: 18 | F172: =VLOOKUP(D172,'Required trainings'!A:B,2,FALSE) -> 0 | G172: 4 | H172: 3 | I172: =IF(C172=D172,"no change","yes") -> yes
A173: Q0584 | B173: Shern Sebastian Sebastian Simon | C173: Jordan | D173: =VLOOKUP('Storage '!A173,METADATA!A:G,7,FALSE) -> Technical support office | E173: 0 | F173: =VLOOKUP(D173,'Required trainings'!A:B,2,FALSE) -> 0 | G173: 1 | H173: 1 | I173: =IF(C173=D173,"no change","yes") -> yes
A174: Q0585 | B174: Wai Hin Phyo | C174: PM | D174: =VLOOKUP('Storage '!A174,METADATA!A:G,7,FALSE) -> AMH | E174: 15 | F174: =VLOOKUP(D174,'Required trainings'!A:B,2,FALSE) -> 8 | G174: 4 | H174: 3 | I174: =IF(C174=D174,"no change","yes") -> yes
A175: - | B175: Hicham Charkaoui
A176: - | B176: Antony Kamau Kageche
A177: - | B177: AbdulRashid Byarugaba
A178: - | B178: Mohamed Shaheer Mohamed Laffir
B185: resigning this month
B186: resigning in the following months
B187: Recruitment in process
B188: ETAs Card Expiring
B189: Project Staff currently on Vacation
B190: KSA
B191: Nigeria
B192: Jordan
B193: Oman

Sheet Required trainings
A1: Whereabouts | B1: EQUIPMENT TRAININGS Required
A2: MM office | B2: 0
A3: AMH | B3: 8
A4: CM1 | B4: 18
A5: PM1 | B5: 15
A6: DFWH | B6: 16
A7: Pantry | B7: 0
A8: Store room | B8: 0
A9: ULD Stands | B9: 3
A10: CBF-AVI | B10: 7
A11: Projects | B11: 0
A12: Oman | B12: 0
A13: KSA | B13: 0
... A30: Resigned | B30: 0

Sheet METADATA
A1: Emp. No. | B1: HIA ETAS | C1: Date of Joining | D1: Employee Name | E1: LSME designation | F1: DEPT | G1: Whereabouts | H1: Average Marks scored | I1: Equipment Trainings Required As per Facility | J1: SOP Trainings Required As per Facility | K1: Other Trainings Required | L1: COMPLETED EQUIPMENT TRAININGS | M1: COMPLETED SOP TRAININGS | N1: COMPLETED Other TRAININGS | O1: Pending Equipment Trainings | P1: Pending SOP Trainings | Q1: Pending Other Trainings
A2: G0010 | B2: C5883 | C2: 40909 | D2: Norbert Mueller | E2: Deputy Maintenance Manager | F2: Management | G2: MM office | I2: 0 | J2: 1 | K2: 1 | L2: 25 | M2: 51 | N2: 1 | O2: -25 | P2: -50 | Q2: 0
A3: Q0011 | B3: C5884 | C3: 39854 | D3: Mohamed Farkan Mohamed Sareek | E3: HR & Administration Officer | F3: Admin | G3: Admin office | I3: 0 | J3: 1 | K3: 1 | L3: 25 | M3: 51 | N3: 2 | O3: -25 | P3: -50 | Q3: -1
A4: Q0041 | B4: C5885 | C4: 40226 | D4: Destiny Emmanuel | E4: Maintenance Supervisor - Electrical | F4: AMH | G4: AMH | I4: 8 | J4: 3 | K4: 1 | L4: 25 | M4: 51 | N4: 2 | O4: -17 | P4: -48 | Q4: -1
A5: Q0042 | B5: C5886 | C5: 40226 | D5: Abdunaser Ahmed Aragaw | E5: Maintenance Supervisor - Electrical | F5: CARGO CM | G5: CM2 | I5: 18 | J5: 4 | K5: 3 | L5: 25 | M5: 51 | N5: 1 | O5: -7 | P5: -47 | Q5: 2
A6: Q0048 | B6: C5887 | C6: 40243 | D6: Rizardo Villalobos | E6: Maintenance Supervisor - Electrical | F6: CARGO CM | G6: CM4 | I6: 18 | J6: 4 | K6: 3 | L6: 25 | M6: 50 | N6: 2 | O6: -7 | P6: -46 | Q6: 1
A7: Q0055 | B7: C4273 | C7: 40307 | D7: Chidanand Bhaskara Chaithanya | E7: Maintenance Supervisor - Electrical | F7: DFWH | G7: QDF office | I7: 0 | J7: 3 | K7: 1 | L7: 25 | M7: 51 | N7: 2 | O7: -25 | P7: -48 | Q7: -1
A8: Q0058 | B8: C5888 | C8: 40319 | D8: Mahesh Ramachandra | E8: Maintenance Supervisor - Mechanical/ Acting DMM | F8: CARGO PM | G8: Technical support office | I8: 0 | J8: 3 | K8: 1 | L8: 25 | M8: 51 | N8: 2 | O8: -25 | P8: -48 | Q8: -1
A9: Q0065 | B9: C5889 | C9: 40362 | D9: Joel Cabrillos Misa | E9: Maintenance Supervisor - Electrical | F9: CARGO CM | G9: CM3 | I9: 18 | J9: 4 | K9: 3 | L9: 25 | M9: 51 | N9: 2 | O9: -7 | P9: -47 | Q9: 1
A10: Q0068 | B10: C5890 | C10: 40440 | D10: Ericson Murcillos Victorino | E10: Maintenance Supervisor - Electrical | F10: AMH | G10: AMH | I10: 26 | J10: 4 | K10: 3 | L10: 25 | M10: 51 | N10: 3 | O10: 1 | P10: -47 | Q10: 0
A11: Q0070 | B11: C5891 | C11: 40454 | D11: Fernan Dela Cruz | E11: Senior Maintenance Technician - Electrical/Acting PM Supervisor | F11: CARGO PM | G11: Technical support office | I11: 0 | J11: 3 | K11: 1 | L11: 25 | M11: 51 | N11: 2 | O11: -25 | P11: -48 | Q11: -1
A12: Q0077 | B12: C4274 | C12: 40575 | D12: Bindu Pillai | E12: IT Manager | F12: Management | G12: Technical support office | I12: 0 | J12: 1 | K12: 1 | L12: 25 | M12: 51 | N12: 1 | O12: -25 | P12: -50 | Q12: 0
A13: Q0082 | B13: C5892 | C13: 40625 | D13: Philippe Musangilay Kubula | E13: Senior Maintenance Technician - Electrical | F13: Admin | G13: Admin office | I13: 0 | J13: 1 | K13: 1 | L13: 25 | M13: 51 | N13: 1 | O13: -25 | P13: -50 | Q13: 0
... A15: Q0095 | B15: C5895 | C15: 40797 | D15: Jerry Arnejo Carandang | E15: Senior Maintenance Technician - Mechanical | F15: CARGO PM | G15: Technical support office | I15: 0 | J15: 3 | K15: 1 | L15: 25 | M15: 51 | N15: 3 | O15: -25 | P15: -48 | Q15: -2
A16: Q0098 | B16: C5896 | C16: 40822 | D16: Vicente Mendigorin Morelos | E16: Maintenance Technician - Mechanical | F16: Resigned | G16: Resigned | H16: 0.71228571 | I16: 18 | J16: 4 | K16: 3 | L16: 25 | M16: 51 | N16: 0 | O16: -7 | P16: -47 | Q16: 3
A17: Q0128 | B17: C5900 | C17: 41039 | D17: Sivagaran Ramanathan | E17: Maintenance Technician - Mechanical | F17: CARGO PM | G17: PM2 | H17: 0.5388 | I17: 15 | J17: 4 | K17: 3 | L17: 17 | M17: 49 | N17: 1 | O17: -2 | P17: -45 | Q17: 2
A18: Q0130 | B18: C01418 | C18: 41039 | D18: Cletes Albert Perera | E18: Maintenance Technician - Mechanical | F18: CARGO PM | G18: PM3 | H18: 0.35 | I18: 30 | J18: 4 | K18: 3 | L18: 12 | M18: 47 | N18: 2 | O18: 18 | P18: -43 | Q18: 1
A19: Q0132 | B19: C5903 | C19: 41039 | D19: Tharanga Pradeep Pathirannehelage | E19: Maintenance Technician - Mechanical | F19: CARGO CM | G19: CM2 | H19: 0.8941625 | I19: 18 | J19: 4 | K19: 3 | L19: 8 | M19: 36 | N19: 1 | O19: 10 | P19: -32 | Q19: 2
A20: Q0134 | B20: C5904 | C20: 41091 | D20: Pubudu Maduranga Hearth Ralalage | E20: Lead Maintenance Technician - Mechanical | F20: CARGO PM | G20: PM2 | H20: 0.90712 | I20: 15 | J20: 4 | K20: 3 | L20: 13 | M20: 48 | N20: 1 | O20: 2 | P20: -44 | Q20: 2
A21: Q0138 | B21: C5905 | C21: 41111 | D21: Joevergil Cajocson Dormitorio | E21: Senior Maintenance Technician - Electrical | F21: CARGO CM | G21: CM2 | I21: 18 | J21: 4 | K21: 3 | L21: 11 | M21: 35 | N21: 1 | O21: 7 | P21: -31 | Q21: 2
A22: Q0139 | B22: C5906 | C22: 41111 | D22: Ricky Catibog Katigbak | E22: Lead Maintenance Technician (Installation) | F22: Projects | G22: QNL | I22: 0 | L22: 25 | M22: 51 | N22: 0 | O22: -25 | P22: -51 | Q22: 0
A23: Q0149 | B23: C4278 | C23: 41181 | D23: Venice Mendova Jadloc | E23: Lead Maintenance Technician (Mechanical) | F23: Resigned | G23: Resigned | H23: 0.845 | I23: 16 | J23: 2 | K23: 1 | L23: 25 | M23: 51 | N23: 1 | O23: -9 | P23: -49 | Q23: 0
A24: Q0150 | B24: C5908 | C24: 41181 | D24: Lemuel Celeste Anacleto | E24: Senior Maintenance Technician - Mechanical | F24: CARGO CM | G24: CM3 | I24: 18 | J24: 4 | K24: 3 | L24: 23 | M24: 43 | N24: 2 | O24: -5 | P24: -39 | Q24: 1
A25: Q0158 | B25: C5913 | C25: 41181 | D25: Arnel Butiu Guevarra | E25: Lead Maintenance Technician (Electrical Installation) | F25: CARGO CM | G25: CM4 | H25: 0.895975 | I25: 18 | J25: 4 | K25: 3 | L25: 3 | M25: 48 | N25: 1 | O25: 15 | P25: -44 | Q25: 2
A26: Q0157 | B26: C03044 | C26: 42673 | D26: Edwin Balakid Tegli | E26: Lead Maintenance Technician - Electrical | F26: Resigned | G26: Resigned | H26: 0.88805 | I26: 8 | J26: 3 | K26: 1 | L26: 25 | M26: 51 | N26: 1 | O26: -17 | P26: -48 | Q26: 0
A27: Q0159 | B27: C4277 | C27: 41181 | D27: Jessie Jr. Alcuizar Hellera | E27: CMMS Senior TL | F27: Admin | G27: Admin office | I27: 0 | J27: 1 | K27: 1 | L27: 25 | M27: 51 | N27: 2 | O27: -25 | P27: -50 | Q27: -1
A28: Q0165 | B28: C5915 | C28: #N/A | D28: Noel Jarabe Riego | E28: Senior Maintenance Technician (Electrical Installation) | F28: Resigned | G28: Resigned | I28: 8 | L28: 25 | M28: 51 | N28: 1 | O28: -17 | P28: -51 | Q28: -1
A29: Q0170 | B29: C5917 | C29: 41245 | D29: Edilberto Angsioco | E29: Lead Maintenance Technician (Lift/Electrical) | F29: CARGO CM | G29: CM2 | H29: 0.85972667 | I29: 18 | J29: 4 | K29: 3 | L29: 8 | M29: 37 | N29: 1 | O29: 10 | P29: -33 | Q29: 2
A30: Q0185 | B30: C5921 | C30: 41365 | D30: Jose Dino Constantino | E30: Senior Maintenance Technician (Mechanical)/ Quality Assurance Supervisor | F30: Admin | G30: Admin office | I30: 0 | J30: 1 | K30: 1 | L30: 25 | M30: 51 | N30: 2 | O30: -25 | P30: -50 | Q30: -1
A31: Q0187 | B31: C5922 | C31: 41385 | D31: Regin Alis | E31: Senior Maintenance Technician - Mechanical | F31: CARGO CM | G31: CM4 | I31: 18 | J31: 4 | K31: 3 | L31: 18 | M31: 48 | N31: 1 | O31: 0 | P31: -44 | Q31: 2
A32: Q0188 | B32: C2561 | C32: 41396 | D32: Restito Fabic | E32: Project Supervisor - Mechanical | F32: Projects | G32: Admin office | I32: 0 | J32: 3 | K32: 1 | L32: 25 | M32: 51 | N32: 2 | O32: -25 | P32: -48 | Q32: -1
A33: Q0194 | B33: C5924 | C33: 41538 | D33: Kamalanathan Poopalapillai | E33: Driver | F33: Admin | G33: Pantry | I33: 0 | J33: 1 | K33: 1 | L33: 25 | M33: 51 | N33: 2 | O33: -25 | P33: -50 | Q33: -1
A34: Q0206 | B34: C5929 | C34: 41575 | D34: Anil Kumara | E34: Cleaner | F34: Admin | G34: Pantry | H34: 0 | I34: 0 | J34: 1 | K34: 1 | L34: 25 | M34: 51 | N34: 2 | O34: -25 | P34: -50 | Q34: -1
A35: Q0207 | B35: C5930 | C35: 41575 | D35: Lani Fernando Kachchakaduge | E35: Maintenance Technician - Mechanical | F35: CARGO PM | G35: PM2 | I35: 15 | J35: 4 | K35: 3 | L35: 12 | M35: 48 | N35: 1 | O35: 3 | P35: -44 | Q35: 2
A36: Q0208 | B36: C5931 | C36: 41575 | D36: Sampath Chamin | E36: Assistant Maintenance Technician | F36: CARGO PM | G36: PM3 | I36: 15 | J36: 4 | K36: 3 | L36: 18 | M36: 40 | N36: 2 | O36: -3 | P36: -36 | Q36: 1
A37: Q0216 | B37: C5932 | C37: 41576 | D37: Raymond Ian Montero | E37: Lead Storekeeper | F37: Admin | G37: Store room | I37: 0 | J37: 1 | K37: 1 | L37: 25 | M37: 51 | N37: 3 | O37: -25 | P37: -50 | Q37: -2
A38: Q0219 | B38: C5934 | C38: 41576 | D38: James Magnaye Catapia | E38: Lead Maintenance Technician (Electrical) | F38: CARGO CM | G38: CM3 | H38: 0.87505625 | I38: 36 | J38: 4 | K38: 3 | L38: 1 | M38: 38 | N38: 2 | O38: 35 | P38: -34 | Q38: 1
A39: Q0229 | B39: C5937 | C39: #N/A | D39: Marty Tolosa Ambas | E39: Lead Maintenance Technician (Mechanical) | F39: Resigned | G39: Resigned | H39: 0.73412222 | I39: 15 | J39: 4 | K39: 3 | L39: 25 | M39: 51 | N39: 2 | O39: -10 | P39: -47 | Q39: 1
A40: Q0234 | B40: C5940 | C40: 41602 | D40: Nove Manuel Menorisa Tagpuno | E40: Lead Maintenance Technician - Electrical | F40: CARGO CM | G40: CM1 | H40: 0.92405 | I40: 18 | J40: 4 | K40: 3 | L40: 16 | M40: 41 | N40: 2 | O40: 2 | P40: -37 | Q40: 1
A41: Q0235 | B41: C5941 | C41: 41602 | D41: Edgar Noceja | E41: Lead Maintenance Technician - Mechanical | F41: CARGO CM | G41: CM1 | H41: 0.92216154 | I41: 18 | J41: 4 | K41: 3 | L41: 15 | M41: 39 | N41: 2 | O41: 3 | P41: -35 | Q41: 1
A42: Q0237 | B42: C5942 | C42: 41623 | D42: Ma. Edelfa Mendoza | E42: Secretary | F42: Admin | G42: Admin office | I42: 0 | J42: 1 | K42: 1 | L42: 25 | M42: 51 | N42: 2 | O42: -25 | P42: -50 | Q42: -1
A43: Q0265 | B43: C5948 | C43: #N/A | D43: Mark Jayson Rosima | E43: Lead Maintenance Technician (Mechanical) | F43: Resigned | G43: Resigned | H43: 0.86528571 | I43: 15 | J43: 4 | K43: 3 | L43: 25 | M43: 51 | N43: 2 | O43: -10 | P43: -47 | Q43: 1
A44: Q0266 | B44: C5949 | C44: 41710 | D44: Cristopher Cruz | E44: Maintenance Technician (Electrical) /Acting Team Lead ULD Stands | F44: ULD Stands | G44: ULD Stands | H44: 0.78885 | I44: 3 | J44: 1 | K44: 3 | L44: 1 | M44: 50 | N44: 1 | O44: 2 | P44: -49 | Q44: 2
A45: Q0270 | B45: C5951 | C45: 41745 | D45: Ramanan Thavarasa | E45: Driver | F45: Admin | G45: Pantry | I45: 0 | J45: 1 | K45: 1 | L45: 25 | M45: 51 | N45: 1 | O45: -25 | P45: -50 | Q45: 0
A46: Q0274 | B46: C4282 | C46: 41756 | D46: Renato Dimalanta Canlas | E46: Maintenance Technician (Mechanical) | F46: DFWH | G46: DFWH | H46: 0.8666 | I46: 16 | J46: 1 | K46: 1 | L46: 25 | M46: 47 | N46: 2 | O46: -9 | P46: -46 | Q46: -1
A47: Q0275 | B47: C4279 | C47: 41756 | D47: Ruben Dela Cruz Malabo | E47: Maintenance Technician (Mechanical) | F47: DFWH | G47: DFWH | H47: 0.9666 | I47: 16 | J47: 3 | K47: 1 | L47: 25 | M47: 48 | N47: 1 | O47: -9 | P47: -45 | Q47: 0
A48: Q0279 | B48: C5953 | C48: 41770 | D48: Manuel Jr. Esplago Feniza | E48: Lead Maintenance Technician (Electrical) | F48: AMH | G48: AMH | H48: 0.9253 | I48: 8 | J48: 3 | K48: 1 | L48: 25 | M48: 50 | N48: 1 | O48: -17 | P48: -47 | Q48: 0
A49: Q0281 | B49: C4283 | C49: 41770 | D49: Billy Jim Morelos | E49: Lead Maintenance Technician (Mechanical) | F49: DFWH | G49: DFWH | H49: 0.9666 | I49: 16 | J49: 3 | K49: 1 | L49: 25 | M49: 47 | N49: 2 | O49: -9 | P49: -44 | Q49: -1
A50: Q0282 | B50: C5954 | C50: 41770 | D50: Haren Del Campo | E50: Lead Maintenance Technician (Electrical) | F50: AMH | G50: AMH | H50: 0.8831 | I50: 8 | J50: 3 | K50: 1 | L50: 25 | M50: 50 | N50: 1 | O50: -17 | P50: -47 | Q50: 0
A51: Q0296 | B51: C5957 | C51: 41838 | D51: Mohamed Nabhan M. Shahiq | E51: Lead Maintenance Technician (Electrical) | F51: ULD Stands | G51: ULD Stands | H51: 0.5 | I51: 3 | J51: 1 | K51: 3 | L51: 3 | M51: 50 | N51: 3 | O51: 0 | P51: -49 | Q51: 0
A52: Q0301 | B52: C5959 | C52: 41838 | D52: Rogelio Reyes Gomez Jr. | E52: Maintenance Technician (Electrical) | F52: DFWH | G52: DFWH | H52: 0.7552375 | I52: 16 | J52: 1 | K52: 1 | L52: 25 | M52: 47 | N52: 2 | O52: -9 | P52: -46 | Q52: -1
A53: Q0312 | B53: C5965 | C53: 41855 | D53: John Michael Yagonia | E53: Lead Maintenance Technician - Electrical | F53: Projects | G53: Projects | H53: 0.87136364 | I53: 18 | J53: 4 | K53: 3 | L53: 25 | M53: 51 | N53: 1 | O53: -7 | P53: -47 | Q53: 2
A54: Q0314 | B54: C5967 | C54: 41855 | D54: Ronnie Villanueva Gutierrez | E54: Senior Maintenance Technician - Electrical | F54: CARGO PM | G54: Technical support office | I54: 0 | J54: 4 | K54: 3 | L54: 25 | M54: 51 | N54: 2 | O54: -25 | P54: -47 | Q54: 1
A55: Q0328 | B55: C5975 | C55: 42071 | D55: Nenad Jovkovic | E55: Maintenance Manager | F55: Management | G55: MM office | I55: 0 | J55: 1 | K55: 1 | L55: 25 | M55: 51 | N55: 2 | O55: -25 | P55: -50 | Q55: -1
A56: Q0329 | B56: C4288 | C56: 42095 | D56: Nhuel Caguicla Landicho | E56: Senior Maintenance Technician - Mechanical | F56: DFWH | G56: QDF office | I56: 0 | J56: 1 | K56: 1 | L56: 25 | M56: 51 | N56: 1 | O56: -25 | P56: -50 | Q56: 0
A57: Q0334 | B57: C01482 | C57: 42095 | D57: Mohamed Riswan Mohamed Salyh | E57: Maintenance Technician - Mechanical | F57: CARGO PM | G57: PM1 | H57: 0.72043333 | I57: 30 | J57: 4 | K57: 3 | L57: 22 | M57: 47 | N57: 1 | O57: 8 | P57: -43 | Q57: 2
A58: Q0341 | B58: C5984 | C58: 42134 | D58: Dennis Ibe Sudario | E58: Maintenance Technician - Mechanical | F58: CARGO CM | G58: CM1 | H58: 0.93183333 | I58: 18 | J58: 4 | K58: 3 | L58: 15 | M58: 41 | N58: 3 | O58: 3 | P58: -37 | Q58: 0
A59: Q0364 | B59: C5999 | C59: 42415 | D59: Christian Archie Barbosa Niez | E59: Lead Maintenance Technician - Mechanical | F59: CARGO CM | G59: CM1 | H59: 0.914 | I59: 36 | J59: 4 | K59: 3 | L59: 25 | M59: 51 | N59: 1 | O59: 11 | P59: -47 | Q59: 2
A60: Q0365 | B60: C6000 | C60: 42415 | D60: Clint Jude Duarte Bicoy | E60: Maintenance Technician - Electrical | F60: CARGO CM | G60: CM3 | H60: 0.83730588 | I60: 18 | J60: 4 | K60: 3 | L60: 1 | M60: 38 | N60: 2 | O60: 17 | P60: -34 | Q60: 1
A61: Q0370 | B61: C6005 | C61: #N/A | D61: Willie Facun Adi | E61: Maintenance Technician - Mechanical | F61: QNL | G61: QNL | I61: 0 | J61: 5 | K61: 1 | L61: 25 | M61: 51 | N61: 0 | O61: -25 | P61: -46 | Q61: 1
A62: Q0372 | B62: C6007 | C62: #N/A | D62: Eduard Embate Endonela | E62: Maintenance Technician - Electrical | F62: Resigned | G62: Resigned | H62: 0.89428571 | I62: 18 | J62: 4 | K62: 3 | L62: 25 | M62: 51 | N62: 1 | O62: -7 | P62: -47 | Q62: 2
A63: Q0376 | B63: C6011 | C63: 42460 | D63: Sugathadasa Pattiwilage | E63: Assistant Maintenance Technician | F63: CARGO PM | G63: PM4 | I63: 30 | J63: 4 | K63: 3 | L63: 21 | M63: 45 | N63: 1 | O63: 9 | P63: -41 | Q63: 2
A64: Q0385 | B64: C03043 | C64: 42673 | D64: Gomer Repaso Plenos | E64: Lead Mechanical Technician - Mechanical | F64: CARGO CM | G64: CM4 | H64: 0.92454118 | I64: 18 | J64: 4 | K64: 3 | L64: 8 | M64: 49 | N64: 1 | O64: 10 | P64: -45 | Q64: 2
A65: Q0393 | B65: C03046 | C65: 42674 | D65: John Errol Para Marino | E65: Maintenance Technician - Electrical | F65: QNL | G65: QNL | I65: 0 | J65: 5 | K65: 1 | L65: 25 | M65: 51 | N65: 0 | O65: -25 | P65: -46 | Q65: 1
A66: Q0396 | B66: C03328 | C66: 42684 | D66: Gabuin James Buintim | E66: H&S Senior Officer | F66: Admin | G66: Admin office | I66: 0 | J66: 1 | K66: 1 | L66: 25 | M66: 51 | N66: 1 | O66: -25 | P66: -50 | Q66: 0
A67: Q0403 | B67: C03236 | C67: 42704 | D67: Marlon Rodel Fracisco Pimentel | E67: Lead Maintenance Technician - Electrical | F67: AMH | G67: AMH | H67: 0.91773333 | I67: 8 | J67: 3 | K67: 1 | L67: 25 | M67: 50 | N67: 1 | O67: -17 | P67: -47 | Q67: 0
A68: Q0418 | B68: C05690 | C68: 43066 | D68: Nathaniel Laguidao Gamosa | E68: Lead Maintenance Technician - Mechanical | F68: Projects | G68: Projects | H68: 0.6944 | I68: 0 | J68: 3 | K68: 1 | L68: 25 | M68: 51 | N68: 0 | O68: -25 | P68: -48 | Q68: 1
A69: Q0424 | B69: C05922 | C69: 43089 | D69: Ernesto JR Leona Campana | E69: Senior Maintenance Technician - Electrical | F69: QNL | G69: QNL | I69: 0 | L69: 25 | M69: 51 | N69: 0 | O69: -25 | P69: -51 | Q69: 0
A70: Q0426 | B70: C05924 | C70: 43089 | D70: William Villanueva Gutierrez | E70: Maintenance Technician - Mechanical | F70: Projects | G70: Projects | H70: 0.59 | I70: 0 | J70: 1 | K70: 0 | L70: 25 | M70: 51 | N70: 1 | O70: -25 | P70: -50 | Q70: -1
A71: Q0428 | B71: C06545 | C71: 43151 | D71: Conrado DE Guzman Vineza | E71: Maintenance Technician - Mechanical | F71: CARGO PM | G71: PM3 | H71: 0.588425 | I71: 30 | J71: 4 | K71: 3 | L71: 18 | M71: 41 | N71: 1 | O71: 12 | P71: -37 | Q71: 2
A72: Q0429 | B72: C06544 | C72: #N/A | D72: Elecer Hernandez Llamoso | E72: Lead Maintenance Technician - Mechanical | F72: DFWH | G72: DFWH | H72: 0.95 | I72: 16 | J72: 3 | K72: 1 | L72: 25 | M72: 51 | N72: 1 | O72: -9 | P72: -48 | Q72: 0
A73: Q0430 | B73: C06543 | C73: 43151 | D73: Elesor JR Cas Frondozo | E73: Maintenance Technician - Electrical | F73: CBF-AVI | G73: CBF-AVI | H73: 0.92 | I73: 7 | J73: 2 | K73: 1 | L73: 25 | M73: 48 | N73: 1 | O73: -18 | P73: -46 | Q73: 0
A74: Q0432 | B74: C06546 | C74: 43171 | D74: Carlo Alcoran Tenorio | E74: Lead Maintenance Technician - Mechanical | F74: CARGO CM | G74: CM2 | H74: 0.90396875 | I74: 18 | J74: 4 | K74: 3 | L74: 8 | M74: 34 | N74: 1 | O74: 10 | P74: -30 | Q74: 2
A75: Q0433 | B75: C06840 | C75: 43207 | D75: Alvin Quizon Tabasa | E75: Lead Maintenance Technician - Electrical | F75: QNL | G75: QNL | H75: 0.7554 | I75: 7 | J75: 2 | K75: 1 | L75: 25 | M75: 51 | N75: 1 | O75: -18 | P75: -49 | Q75: 0
A76: Q0434 | B76: C06828 | C76: 43207 | D76: Miguelito Costelo Mainit | E76: Maintenance Technician - Mechanical | F76: CARGO CM | G76: CM1 | H76: 0.86306667 | I76: 18 | J76: 4 | K76: 3 | L76: 15 | M76: 43 | N76: 2 | O76: 3 | P76: -39 | Q76: 1
A77: Q0436 | B77: C06883 | C77: 43220 | D77: Mohamed Nasardeen Mohamadu Main | E77: Assistant Maintenance Technician | F77: CARGO PM | G77: PM1 | H77: 0.61024444 | I77: 15 | J77: 4 | K77: 3 | L77: 22 | M77: 47 | N77: 1 | O77: -7 | P77: -43 | Q77: 2
A78: Q0437 | B78: C07032 | C78: 43240 | D78: Dominic Munyua Kanyotu | E78: Storekeeper | F78: CARGO PM | G78: PM | I78: 15 | J78: 1 | K78: 1 | L78: 12 | M78: 51 | N78: 1 | O78: 3 | P78: -50 | Q78: 0
A79: Q0440 | B79: C07044 | C79: 43240 | D79: Lenson Kiarie Karuru | E79: Training Officer | F79: Admin | G79: Admin office | I79: 0 | J79: 1 | K79: 1 | L79: 25 | M79: 51 | N79: 1 | O79: -25 | P79: -50 | Q79: 0
A80: Q0444 | B80: C07310 | C80: 43303 | D80: Ryan Mauring Adol | E80: Maintenance Technician - Electrical | F80: CARGO CM | G80: CM3 | H80: 0.8463 | I80: 18 | J80: 4 | K80: 3 | L80: 1 | M80: 38 | N80: 2 | O80: 17 | P80: -34 | Q80: 1
A81: Q0445 | B81: C07311 | C81: 43303 | D81: Joey JR Tiwo Meramonte | E81: Maintenance Technician - Mechanical | F81: CARGO CM | G81: CM3 | H81: 0.72989412 | I81: 18 | J81: 4 | K81: 3 | L81: 1 | M81: 38 | N81: 2 | O81: 17 | P81: -34 | Q81: 1
A82: Q0446 | B82: C07312 | C82: 43303 | D82: Mario Dorado Hernandez | E82: Maintenance Technician - Mechanical | F82: CBF-AVI | G82: CBF-AVI | H82: 0.68886667 | I82: 7 | J82: 5 | K82: 1 | L82: 25 | M82: 46 | N82: 1 | O82: -18 | P82: -41 | Q82: 0
A83: Q0455 | B83: C08600 | C83: #N/A | D83: Sooraj Kurisinkal Reji | E83: IT Engineer | F83: IT/PLC | G83: Technical support office | I83: 0 | J83: 1 | K83: 1 | L83: 25 | M83: 51 | N83: 0 | O83: -25 | P83: -50 | Q83: 1
A84: Q0459 | B84: C07932 | C84: 43359 | D84: Jose Isagani Jr. Jamero Alaan | E84: Maintenance Technician - Mechanical | F84: AMH | G84: AMH | H84: 0.9533 | I84: 8 | J84: 3 | K84: 1 | L84: 25 | M84: 50 | N84: 1 | O84: -17 | P84: -47 | Q84: 0
A85: Q0462 | B85: C09056 | C85: 43499 | D85: Jishnu Surendran | E85: Procurement Officer | F85: Admin | G85: Admin office | I85: 0 | J85: 1 | K85: 1 | L85: 25 | M85: 51 | N85: 1 | O85: -25 | P85: -50 | Q85: 0
A86: Q0463 | B86: C09057 | C86: 43515 | D86: Saritha Oromariyil Sukumaran | E86: Sales & Procurement Officer | F86: Admin | G86: Admin office | I86: 0 | J86: 1 | K86: 1 | L86: 25 | M86: 51 | N86: 2 | O86: -25 | P86: -50 | Q86: -1
A87: Q0468 | B87: C09926 | C87: #N/A | D87: Renz Jake Orense Lontoc | E87: Maintenance Technician - Mechanical | F87: Projects | G87: Projects | I87: 0 | J87: 1 | K87: 1 | L87: 25 | M87: 51 | N87: 0 | O87: -25 | P87: -50 | Q87: 1
A88: Q0471 | B88: C10926 | C88: #N/A | D88: Dennis Delfino Daginotan | E88: Lead Maintenance Technician - Electrical | F88: Resigned | G88: Resigned | H88: 0.84608333 | I88: 15 | J88: 4 | K88: 3 | L88: 25 | M88: 51 | N88: 2 | O88: -10 | P88: -47 | Q88: 1
A89: Q0474 | B89: C10929 | C89: 43645 | D89: John Eric Bonganay Borcelis | E89: Lead Maintenance Technician - Electrical | F89: Resigned | G89: Resigned | H89: 0.92430625 | I89: 18 | J89: 4 | K89: 3 | L89: 22 | M89: 51 | N89: 1 | O89: -4 | P89: -47 | Q89: 2
A90: Q0477 | B90: C11067 | C90: 43666 | D90: Ray Maitem Maureal | E90: Maintenance Technician - Mechanical | F90: CARGO CM | G90: CM2 | H90: 0.84181333 | I90: 33 | J90: 4 | K90: 3 | L90: 12 | M90: 38 | N90: 1 | O90: 21 | P90: -34 | Q90: 2
A91: Q0478 | B91: C11066 | C91: 43666 | D91: Paul Jeric Azul Falcatan | E91: Maintenance Technician - Electrical | F91: AMH | G91: AMH | H91: 0.63028889 | I91: 8 | J91: 3 | K91: 1 | L91: 25 | M91: 50 | N91: 1 | O91: -17 | P91: -47 | Q91: 0
A92: Q0480 | B92: CT11046 | C92: 43666 | D92: Roderick Cailao Amar | E92: Maintenance Technician - Mechanical | F92: CARGO CM | G92: CM4 | H92: 0.8486875 | I92: 18 | J92: 4 | K92: 3 | L92: 8 | M92: 48 | N92: 1 | O92: 10 | P92: -44 | Q92: 2
A93: Q0482 | B93: CT11047 | C93: 43675 | D93: Jimmy Mallari Dela Cruz | E93: Maintenance Technician - Mechanical | F93: AMH | G93: AMH | H93: 0.976 | I93: 8 | J93: 3 | K93: 1 | L93: 25 | M93: 50 | N93: 1 | O93: -17 | P93: -47 | Q93: 0
A94: Q0483 | B94: CT11815 | C94: 43810 | D94: Meegle Mathew | E94: HR & Administration Officer | F94: Admin | G94: Admin office | I94: 0 | J94: 1 | K94: 1 | L94: 25 | M94: 51 | N94: 1 | O94: -25 | P94: -50 | Q94: 0
A95: Q0484 | B95: CT11812 | C95: 43807 | D95: Thuvarakan Pulenthiran | E95: Assistant Maintenance Technician | F95: Admin | G95: Camp Boss | H95: 0.5514 | I95: 0 | J95: 1 | K95: 1 | L95: 25 | M95: 51 | N95: 0 | O95: -25 | P95: -50 | Q95: 1
A96: Q0487 | B96: CT11816 | C96: 43855 | D96: Jerome Latagan Cardejon | E96: Maintenance Technician - Mechanical | F96: ULD Stands | G96: ULD Stands | H96: 0.666 | I96: 3 | J96: 1 | K96: 3 | L96: 3 | M96: 51 | N96: 1 | O96: 0 | P96: -50 | Q96: 2
A97: Q0488 | B97: CT11825 | C97: 43855 | D97: Jay Tucker Mendoza | E97: Maintenance Technician - Electrical | F97: QNL | G97: QNL | I97: 0 | J97: 1 | K97: 1 | L97: 25 | M97: 51 | N97: 0 | O97: -25 | P97: -50 | Q97: 1
A98: Q0489 | B98: CT11817 | C98: 43855 | D98: Crisfo Lo Nibal | E98: Maintenance Technician - Electrical | F98: DFWH | G98: DFWH | H98: 0.89641111 | I98: 16 | J98: 1 | K98: 1 | L98: 21 | M98: 47 | N98: 2 | O98: -5 | P98: -46 | Q98: -1
A99: Q0491 | B99: CT11819 | C99: 43862 | D99: Simon Kenneth Inoceno Hernandez | E99: CMMS Operator | F99: Admin | G99: Admin office | I99: 0 | J99: 1 | K99: 1 | L99: 25 | M99: 51 | N99: 2 | O99: -25 | P99: -50 | Q99: -1
A100: Q0492 | B100: CT11822 | C100: 43862 | D100: Levitico Jose Caniedo | E100: Maintenance Technician - Mechanical | F100: AMH | G100: CM3 | H100: 0.83208 | I100: 26 | J100: 3 | K100: 1 | L100: 1 | M100: 38 | N100: 2 | O100: 25 | P100: -35 | Q100: -1
A101: Q0493 | B101: CT11821 | C101: 43863 | D101: Mohamed Faizal Mohamed Uvais | E101: Assistant Maintenance Technician | F101: CARGO PM | G101: PM5 | H101: 0.58773333 | I101: 15 | J101: 4 | K101: 3 | L101: 12 | M101: 51 | N101: 2 | O101: 3 | P101: -47 | Q101: 1
...

Sheet Cargo Trainings
K2: Document No: | M2: LSME-TRN-FM-048
K3: Revision No: | M3: :00
A4: Emp. No. | B4: Employee Name | C4: Designation | D4: Team | E4: Count Of Trainings Expiring | F4: Date | G4: Stacker crane | H4: Date | I4: EWS EQ | J4: Date | K4: CS-H9-TV | L4: Date | M4: ULD&BB-TV | N4: Date | O4: BB TV 20FT | P4: Date | Q4: BB TV 15FT | R4: Date | S4: ULD TV 20FT | T4: Date | U4: ULD TV 15FT | V4: Date | W4: FMC-deck | X4: Date | Y4: Weight scales | Z4: Date | AA4: Tilting deck | AB4: Date | AC4: TT+RA | AD4: Date | AE4: CS-Hoist | AF4: Date | AG4: ULD Hoist | AH4: Date | AI4: Truck dock 15FT | AJ4: Date | AK4: Truck dock 20FT | AL4: Date | AM4: Softwares & Param. | AN4: Date | AO4: Control circuits | AP4: Date | AQ4: Cool Room | AR4: Date | AS4: Climate Control Center | AT4: Date | AU4: 3TIER RACK -G/H/A/303 | AV4: Date | AW4: 3TIER RACK -JBAY | AX4: Date | AY4: Non-powered roller Decks | AZ4: Date | BA4: Diagnosis Of Beckoff Module And Troubleshooting Guide | BB4: Date | BC4: Powered roller Decks2
A5: G0010 | B5: Norbert Mueller | C5: Deputy Maintenance Manager | D5: MM office | E5: 25 | G5: NOT DONE | I5: NOT DONE | K5: NOT DONE | M5: NOT DONE | O5: NOT DONE | Q5: NOT DONE | S5: NOT DONE | U5: NOT DONE | W5: NOT DONE | Y5: NOT DONE | AA5: NOT DONE | AC5: NOT DONE | AE5: NOT DONE | AG5: NOT DONE | AI5: NOT DONE | AK5: NOT DONE | AM5: NOT DONE | AO5: NOT DONE | AQ5: NOT DONE | AS5: NOT DONE | AU5: NOT DONE | AW5: NOT DONE | AY5: NOT DONE | BA5: NOT DONE | BC5: NOT DONE
A6: Q0011 | B6: Mohamed Farkan Mohamed Sareek | C6: HR & Administration Officer | D6: Admin office | E6: 25 | G6: NOT DONE | I6: NOT DONE | K6: NOT DONE | M6: NOT DONE | O6: NOT DONE | Q6: NOT DONE | S6: NOT DONE | U6: NOT DONE | W6: NOT DONE | Y6: NOT DONE | AA6: NOT DONE | AC6: NOT DONE | AE6: NOT DONE | AG6: NOT DONE | AI6: NOT DONE | AK6: NOT DONE | AM6: NOT DONE | AO6: NOT DONE | AQ6: NOT DONE | AS6: NOT DONE | AU6: NOT DONE | AW6: NOT DONE | AY6: NOT DONE | BA6: NOT DONE | BC6: NOT DONE
A7: Q0041 | B7: Destiny Emmanuel | C7: Maintenance Supervisor - Electrical | D7: AMH | E7: 25 | G7: NOT DONE | I7: NOT DONE | K7: NOT DONE | M7: NOT DONE | O7: NOT DONE | Q7: NOT DONE | S7: NOT DONE | U7: NOT DONE | W7: NOT DONE | Y7: NOT DONE | AA7: NOT DONE | AC7: NOT DONE | AE7: NOT DONE | AG7: NOT DONE | AI7: NOT DONE | AK7: NOT DONE | AM7: NOT DONE | AO7: NOT DONE | AQ7: NOT DONE | AS7: NOT DONE | AU7: NOT DONE | AW7: NOT DONE | AY7: NOT DONE | BA7: NOT DONE | BC7: NOT DONE
A8: Q0042 | B8: Abdunaser Ahmed Aragaw | C8: Maintenance Supervisor - Electrical | D8: CM2 | E8: 25 | G8: NOT DONE | I8: NOT DONE | K8: NOT DONE | M8: NOT DONE | O8: NOT DONE | Q8: NOT DONE | S8: NOT DONE | U8: NOT DONE | W8: NOT DONE | Y8: NOT DONE | AA8: NOT DONE | AC8: NOT DONE | AE8: NOT DONE | AG8: NOT DONE | AI8: NOT DONE | AK8: NOT DONE | AM8: NOT DONE | AO8: NOT DONE | AQ8: NOT DONE | AS8: NOT DONE | AU8: NOT DONE | AW8: NOT DONE | AY8: NOT DONE | BA8: NOT DONE | BC8: NOT DONE
A9: Q0048 | B9: Rizardo Villalobos | C9: Maintenance Supervisor - Electrical | D9: CM4 | E9: 25 | G9: NOT DONE | I9: NOT DONE | K9: NOT DONE | M9: NOT DONE | O9: NOT DONE | Q9: NOT DONE | S9: NOT DONE | U9: NOT DONE | W9: NOT DONE | Y9: NOT DONE | AA9: NOT DONE | AC9: NOT DONE | AE9: NOT DONE | AG9: NOT DONE | AI9: NOT DONE | AK9: NOT DONE | AM9: NOT DONE | AO9: NOT DONE | AQ9: NOT DONE | AS9: NOT DONE | AU9: NOT DONE | AW9: NOT DONE | AY9: NOT DONE | BA9: NOT DONE | BC9: NOT DONE
A10: Q0055 | B10: Chidanand Bhaskara Chaithanya | C10: Maintenance Supervisor - Electrical | D10: QDF office | E10: 25 | G10: NOT DONE | I10: NOT DONE | K10: NOT DONE | M10: NOT DONE | O10: NOT DONE | Q10: NOT DONE | S10: NOT DONE | U10: NOT DONE | W10: NOT DONE | Y10: NOT DONE | AA10: NOT DONE | AC10: NOT DONE | AE10: NOT DONE | AG10: NOT DONE | AI10: NOT DONE | AK10: NOT DONE | AM10: NOT DONE | AO10: NOT DONE | AQ10: NOT DONE | AS10: NOT DONE | AU10: NOT DONE | AW10: NOT DONE | AY10: NOT DONE | BA10: NOT DONE | BC10: NOT DONE
A11: Q0058 | B11: Mahesh Ramachandra | C11: Maintenance Supervisor - Mechanical/ Acting DMM | D11: Technical support office | E11: 25 | G11: NOT DONE | I11: NOT DONE | K11: NOT DONE | M11: NOT DONE | O11: NOT DONE | Q11: NOT DONE | S11: NOT DONE | U11: NOT DONE | W11: NOT DONE | Y11: NOT DONE | AA11: NOT DONE | AC11: NOT DONE | AE11: NOT DONE | AG11: NOT DONE | AI11: NOT DONE | AK11: NOT DONE | AM11: NOT DONE | AO11: NOT DONE | AQ11: NOT DONE | AS11: NOT DONE | AU11: NOT DONE | AW11: NOT DONE | AY11: NOT DONE | BA11: NOT DONE | BC11: NOT DONE
A12: Q0065 | B12: Joel Cabrillos Misa | C12: Maintenance Supervisor - Electrical | D12: CM3 | E12: 25 | G12: NOT DONE | I12: NOT DONE | K12: NOT DONE | M12: NOT DONE | O12: NOT DONE | Q12: NOT DONE | S12: NOT DONE | U12: NOT DONE | W12: NOT DONE | Y12: NOT DONE | AA12: NOT DONE | AC12: NOT DONE | AE12: NOT DONE | AG12: NOT DONE | AI12: NOT DONE | AK12: NOT DONE | AM12: NOT DONE | AO12: NOT DONE | AQ12: NOT DONE | AS12: NOT DONE | AU12: NOT DONE | AW12: NOT DONE | AY12: NOT DONE | BA12: NOT DONE | BC12: NOT DONE
A13: Q0068 | B13: Ericson Murcillos Victorino | C13: Maintenance Supervisor - Electrical | D13: AMH | E13: 25 | G13: NOT DONE | I13: NOT DONE | K13: NOT DONE | M13: NOT DONE | O13: NOT DONE | Q13: NOT DONE | S13: NOT DONE | U13: NOT DONE | W13: NOT DONE | Y13: NOT DONE | AA13: NOT DONE | AC13: NOT DONE | AE13: NOT DONE | AG13: NOT DONE | AI13: NOT DONE | AK13: NOT DONE | AM13: NOT DONE | AO13: NOT DONE | AQ13: NOT DONE | AS13: NOT DONE | AU13: NOT DONE | AW13: NOT DONE | AY13: NOT DONE | BA13: NOT DONE | BC13: NOT DONE
A14: Q0070 | B14: Fernan Dela Cruz | C14: Senior Maintenance Technician - Electrical/Acting PM Supervisor | D14: Technical support office | E14: 25 | G14: NOT DONE | I14: NOT DONE | K14: NOT DONE | M14: NOT DONE | O14: NOT DONE | Q14: NOT DONE | S14: NOT DONE | U14: NOT DONE | W14: NOT DONE | Y14: NOT DONE | AA14: NOT DONE | AC14: NOT DONE | AE14: NOT DONE | AG14: NOT DONE | AI14: NOT DONE | AK14: NOT DONE | AM14: NOT DONE | AO14: NOT DONE | AQ14: NOT DONE | AS14: NOT DONE | AU14: NOT DONE | AW14: NOT DONE | AY14: NOT DONE | BA14: NOT DONE | BC14: NOT DONE
A15: Q0077 | B15: Bindu Pillai | C15: IT Manager | D15: Technical support office | E15: 25 | G15: NOT DONE | I15: NOT DONE | K15: NOT DONE | M15: NOT DONE | O15: NOT DONE | Q15: NOT DONE | S15: NOT DONE | U15: NOT DONE | W15: NOT DONE | Y15: NOT DONE | AA15: NOT DONE | AC15: NOT DONE | AE15: NOT DONE | AG15: NOT DONE | AI15: NOT DONE | AK15: NOT DONE | AM15: NOT DONE | AO15: NOT DONE | AQ15: NOT DONE | AS15: NOT DONE | AU15: NOT DONE | AW15: NOT DONE | AY15: NOT DONE | BA15: NOT DONE | BC15: NOT DONE
A16: Q0082 | B16: Philippe Musangilay Kubula | C16: Senior Maintenance Technician - Electrical | D16: Admin office | E16: 25 | G16: NOT DONE | I16: NOT DONE | K16: NOT DONE | M16: NOT DONE | O16: NOT DONE | Q16: NOT DONE | S16: NOT DONE | U16: NOT DONE | W16: NOT DONE | Y16: NOT DONE | AA16: NOT DONE | AC16: NOT DONE | AE16: NOT DONE | AG16: NOT DONE | AI16: NOT DONE | AK16: NOT DONE | AM16: NOT DONE | AO16: NOT DONE | AQ16: NOT DONE | AS16: NOT DONE | AU16: NOT DONE | AW16: NOT DONE | AY16: NOT DONE | BA16: NOT DONE | BC16: NOT DONE
... A18: Q0095 | B18: Jerry Arnejo Carandang | C18: Senior Maintenance Technician - Mechanical | D18: Technical support office | E18: 25 | G18: NOT DONE | I18: NOT DONE | K18: NOT DONE | M18: NOT DONE | O18: NOT DONE | Q18: NOT DONE | S18: NOT DONE | U18: NOT DONE | W18: NOT DONE | Y18: NOT DONE | AA18: NOT DONE | AC18: NOT DONE | AE18: NOT DONE | AG18: NOT DONE | AI18: NOT DONE | AK18: NOT DONE | AM18: NOT DONE | AO18: NOT DONE | AQ18: NOT DONE | AS18: NOT DONE | AU18: NOT DONE | AW18: NOT DONE | AY18: NOT DONE | BA18: NOT DONE | BC18: NOT DONE
A19: Q0098 | B19: Vicente Mendigorin Morelos | C19: Maintenance Technician - Mechanical | D19: Resigned | E19: 25 | F19: 45538 | G19: DONE | H19: 45555 | I19: DONE | J19: 45523 | K19: DONE | L19: 45521 | M19: DONE | O19: NOT DONE | Q19: NOT DONE | S19: NOT DONE | U19: NOT DONE | V19: 45544 | W19: DONE | X19: 45516 | Y19: DONE | Z19: 45542 | AA19: DONE | AB19: 45557 | AC19: DONE | AD19: 45519 | AE19: DONE | AF19: 45535 | AG19: DONE | AH19: 45525 | AI19: DONE | AK19: NOT DONE | AM19: NOT DONE | AO19: NOT DONE | AP19: 45564 | AQ19: DONE | AR19: 45677 | AS19: DONE | AT19: 45676 | AU19: DONE | AV19: 45676 | AW19: DONE | AX19: 45676 | AY19: DONE | BA19: NOT DONE | BC19: NOT DONE
A20: Q0128 | B20: Sivagaran Ramanathan | C20: Maintenance Technician - Mechanical | D20: PM2 | E20: 17 | F20: 46132 | G20: DONE | H20: 46134 | I20: DONE | J20: 45634 | K20: DONE | L20: 46049 | M20: DONE | O20: NOT DONE | Q20: NOT DONE | S20: NOT DONE | U20: NOT DONE | V20: 45670 | W20: DONE | X20: 46049 | Y20: DONE | Z20: 46135 | AA20: DONE | AB20: 46050 | AC20: DONE | AD20: 46135 | AE20: DONE | AF20: 45788 | AG20: DONE | AH20: 45525 | AI20: DONE | AK20: NOT DONE | AL20: 45522 | AM20: DONE | AN20: 45522 | AO20: DONE | AP20: 46179 | AQ20: DONE | AR20: 45547 | AS20: DONE | AU20: NOT DONE | AW20: NOT DONE | AY20: NOT DONE | BA20: NOT DONE | BC20: NOT DONE
A21: Q0130 | B21: Cletes Albert Perera | C21: Maintenance Technician - Mechanical | D21: PM3 | E21: 12 | F21: 46135 | G21: DONE | H21: 45677 | I21: DONE | J21: 46135 | K21: DONE | L21: 45911 | M21: DONE | O21: NOT DONE | Q21: NOT DONE | S21: NOT DONE | U21: NOT DONE | V21: 46138 | W21: DONE | X21: 45910 | Y21: DONE | Z21: 46138 | AA21: DONE | AB21: 46135 | AC21: DONE | AD21: 46135 | AE21: DONE | AF21: 46138 | AG21: DONE | AH21: 46138 | AI21: DONE | AK21: NOT DONE | AM21: NOT DONE | AO21: NOT DONE | AP21: 46138 | AQ21: DONE | AR21: 46138 | AS21: DONE | AU21: NOT DONE | AW21: NOT DONE | AY21: NOT DONE | BA21: NOT DONE | BB21: 46138 | BC21: DONE
A22: Q0132 | B22: Tharanga Pradeep Pathirannehelage | C22: Maintenance Technician - Mechanical | D22: CM2 | E22: 8 | F22: 46295 | G22: DONE | H22: 45569 | I22: DONE | J22: 46252 | K22: DONE | L22: 45699 | M22: DONE | N22: 46253 | O22: DONE | P22: 46253 | Q22: DONE | S22: NOT DONE | U22: NOT DONE | V22: 46313 | W22: DONE | X22: 46253 | Y22: DONE | Z22: 46312 | AA22: DONE | AB22: 46283 | AC22: DONE | AD22: 46253 | AE22: DONE | AF22: 46273 | AG22: DONE | AH22: 45596 | AI22: DONE | AK22: NOT DONE | AL22: 46313 | AM22: DONE | AN22: 46146 | AO22: DONE | AP22: 46254 | AQ22: DONE | AR22: 46295 | AS22: DONE | AT22: 46146 | AU22: DONE | AV22: 46146 | AW22: DONE | AX22: 45689 | AY22: DONE | BA22: NOT DONE | BB22: 46274 | BC22: DONE
A23: Q0134 | B23: Pubudu Maduranga Hearth Ralalage | C23: Lead Maintenance Technician - Mechanical | D23: PM2 | E23: 13 | F23: 46132 | G23: DONE | H23: 46133 | I23: DONE | J23: 46133 | K23: DONE | L23: 46134 | M23: DONE | O23: NOT DONE | Q23: NOT DONE | S23: NOT DONE | U23: NOT DONE | V23: 46134 | W23: DONE | X23: 46049 | Y23: DONE | Z23: 45792 | AA23: DONE | AB23: 46138 | AC23: DONE | AD23: 46138 | AE23: DONE | AF23: 46139 | AG23: DONE | AH23: 46139 | AI23: DONE | AK23: NOT DONE | AL23: 45522 | AM23: DONE | AN23: 45522 | AO23: DONE | AP23: 46139 | AQ23: DONE | AR23: 46140 | AS23: DONE | AU23: NOT DONE | AW23: NOT DONE | AY23: NOT DONE | BA23: NOT DONE | BC23: NOT DONE
A24: Q0138 | B24: Joevergil Cajocson Dormitorio | C24: Senior Maintenance Technician - Electrical | D24: CM2 | E24: 11 | F24: 46295 | G24: DONE | H24: 45562 | I24: DONE | J24: 46252 | K24: DONE | L24: 45545 | M24: DONE | N24: 46253 | O24: DONE | P24: 46253 | Q24: DONE | S24: NOT DONE | U24: NOT DONE | V24: 45593 | W24: DONE | X24: 46253 | Y24: DONE | Z24: 45594 | AA24: DONE | AB24: 46283 | AC24: DONE | AD24: 46253 | AE24: DONE | AF24: 46273 | AG24: DONE | AH24: 45633 | AI24: DONE | AK24: NOT DONE | AL24: 45595 | AM24: DONE | AN24: 46146 | AO24: DONE | AP24: 46254 | AQ24: DONE | AR24: 46295 | AS24: DONE | AT24: 46146 | AU24: DONE | AV24: 46146 | AW24: DONE | AX24: 45689 | AY24: DONE | BA24: NOT DONE | BB24: 46274 | BC24: DONE
A25: Q0139 | B25: Ricky Catibog Katigbak | C25: Lead Maintenance Technician (Installation) | D25: QNL | E25: 25 | G25: NOT DONE | I25: NOT DONE | K25: NOT DONE | M25: NOT DONE | O25: NOT DONE | Q25: NOT DONE | S25: NOT DONE | U25: NOT DONE | W25: NOT DONE | Y25: NOT DONE | AA25: NOT DONE | AC25: NOT DONE | AE25: NOT DONE | AG25: NOT DONE | AI25: NOT DONE | AK25: NOT DONE | AM25: NOT DONE | AO25: NOT DONE | AQ25: NOT DONE | AS25: NOT DONE | AU25: NOT DONE | AW25: NOT DONE | AY25: NOT DONE | BA25: NOT DONE | BC25: NOT DONE
A26: Q0149 | B26: Venice Mendova Jadloc | C26: Lead Maintenance Technician (Mechanical) | D26: Resigned | E26: 25 | G26: NOT DONE | I26: NOT DONE | K26: NOT DONE | M26: NOT DONE | O26: NOT DONE | Q26: NOT DONE | S26: NOT DONE | U26: NOT DONE | W26: NOT DONE | Y26: NOT DONE | AA26: NOT DONE | AC26: NOT DONE | AE26: NOT DONE | AG26: NOT DONE | AI26: NOT DONE | AK26: NOT DONE | AM26: NOT DONE | AO26: NOT DONE | AQ26: NOT DONE | AS26: NOT DONE | AU26: NOT DONE | AW26: NOT DONE | AY26: NOT DONE | BA26: NOT DONE | BC26: NOT DONE
A27: Q0150 | B27: Lemuel Celeste Anacleto | C27: Senior Maintenance Technician - Mechanical | D27: CM3 | E27: 23 | F27: 45864 | G27: DONE | I27: NOT DONE | K27: NOT DONE | M27: NOT DONE | O27: NOT DONE | Q27: NOT DONE | S27: NOT DONE | U27: NOT DONE | W27: NOT DONE | Y27: NOT DONE | AA27: NOT DONE | AC27: NOT DONE | AE27: NOT DONE | AF27: 45950 | AG27: DONE | AI27: NOT DONE | AK27: NOT DONE | AM27: NOT DONE | AO27: NOT DONE | AQ27: NOT DONE | AS27: NOT DONE | AU27: NOT DONE | AW27: NOT DONE | AY27: NOT DONE | BA27: NOT DONE | BC27: NOT DONE
A28: Q0157 | B28: Edwin Balakid Tegli | C28: Lead Maintenance Technician - Electrical | D28: Resigned | E28: 25 | G28: NOT DONE | I28: NOT DONE | K28: NOT DONE | M28: NOT DONE | O28: NOT DONE | Q28: NOT DONE | S28: NOT DONE | U28: NOT DONE | W28: NOT DONE | Y28: DONE | AA28: NOT DONE | AC28: NOT DONE | AE28: NOT DONE | AG28: NOT DONE | AI28: NOT DONE | AK28: NOT DONE | AM28: NOT DONE | AO28: NOT DONE | AQ28: NOT DONE | AS28: NOT DONE | AU28: NOT DONE | AW28: NOT DONE | AY28: NOT DONE | BA28: NOT DONE | BC28: NOT DONE
A29: Q0158 | B29: Arnel Butiu Guevarra | C29: Lead Maintenance Technician (Electrical Installation) | D29: CM4 | E29: 3 | F29: 45862 | G29: DONE | H29: 46311 | I29: DONE | J29: 46184 | K29: DONE | L29: 45521 | M29: DONE | N29: 46311 | O29: DONE | P29: 46311 | Q29: DONE | R29: 46311 | S29: DONE | T29: 46311 | U29: DONE | V29: 46312 | W29: DONE | X29: 46121 | Y29: DONE | Z29: 46312 | AA29: DONE | AB29: 46312 | AC29: DONE | AD29: 45884 | AE29: DONE | AF29: 46315 | AG29: DONE | AH29: 46318 | AI29: DONE | AJ29: 46317 | AK29: DONE | AM29: NOT DONE | AN29: 46072 | AO29: DONE | AP29: 46317 | AQ29: DONE | AR29: 45852 | AS29: DONE | AT29: 45856 | AU29: DONE | AV29: 45852 | AW29: DONE | AX29: 45878 | AY29: DONE | BA29: NOT DONE | BB29: 46071 | BC29: DONE
A30: Q0159 | B30: Jessie Jr. Alcuizar Hellera | C30: CMMS Senior TL | D30: Admin office | E30: 25 | G30: NOT DONE | I30: NOT DONE | K30: NOT DONE | M30: NOT DONE | O30: NOT DONE | Q30: NOT DONE | S30: NOT DONE | U30: NOT DONE | W30: NOT DONE | Y30: NOT DONE | AA30: NOT DONE | AC30: NOT DONE | AE30: NOT DONE | AG30: NOT DONE | AI30: NOT DONE | AK30: NOT DONE | AM30: NOT DONE | AO30: NOT DONE | AQ30: NOT DONE | AS30: NOT DONE | AU30: NOT DONE | AW30: NOT DONE | AY30: NOT DONE | BA30: NOT DONE | BC30: NOT DONE
A31: Q0165 | B31: Noel Jarabe Riego | C31: Senior Maintenance Technician (Electrical Installation) | D31: Resigned | E31: 25 | G31: NOT DONE | I31: NOT DONE | K31: NOT DONE | M31: NOT DONE | O31: NOT DONE | Q31: NOT DONE | S31: NOT DONE | U31: NOT DONE | W31: NOT DONE | Y31: NOT DONE | AA31: NOT DONE | AC31: NOT DONE | AE31: NOT DONE | AG31: NOT DONE | AI31: NOT DONE | AK31: NOT DONE | AM31: NOT DONE | AO31: NOT DONE | AQ31: NOT DONE | AS31: NOT DONE | AU31: NOT DONE | AW31: NOT DONE | AY31: NOT DONE | BA31: NOT DONE | BC31: NOT DONE
A32: Q0170 | B32: Edilberto Angsioco | C32: Lead Maintenance Technician (Lift/Electrical) | D32: CM2 | E32: 8 | F32: 46295 | G32: DONE | H32: 45569 | I32: DONE | J32: 46252 | K32: DONE | L32: 45545 | M32: DONE | N32: 46253 | O32: DONE | P32: 46253 | Q32: DONE | S32: NOT DONE | U32: NOT DONE | V32: 46313 | W32: DONE | X32: 46253 | Y32: DONE | Z32: 46312 | AA32: DONE | AB32: 46283 | AC32: DONE | AD32: 46253 | AE32: DONE | AF32: 46273 | AG32: DONE | AH32: 45633 | AI32: DONE | AK32: NOT DONE | AL32: 46313 | AM32: DONE | AN32: 46146 | AO32: DONE | AP32: 46254 | AQ32: DONE | AR32: 46295 | AS32: DONE | AT32: 46146 | AU32: DONE | AV32: 46146 | AW32: DONE | AX32: 45689 | AY32: DONE | BA32: NOT DONE | BB32: 46274 | BC32: DONE
A33: Q0185 | B33: Jose Dino Constantino | C33: Senior Maintenance Technician (Mechanical)/ Quality Assurance Supervisor | D33: Admin office | E33: 25 | G33: NOT DONE | I33: NOT DONE | K33: NOT DONE | M33: NOT DONE | O33: NOT DONE | Q33: NOT DONE | S33: NOT DONE | U33: NOT DONE | W33: NOT DONE | Y33: NOT DONE | AA33: NOT DONE | AC33: NOT DONE | AE33: NOT DONE | AG33: NOT DONE | AI33: NOT DONE | AK33: NOT DONE | AM33: NOT DONE | AO33: NOT DONE | AQ33: NOT DONE | AS33: NOT DONE | AU33: NOT DONE | AW33: NOT DONE | AY33: NOT DONE | BA33: NOT DONE | BC33: NOT DONE
A34: Q0187 | B34: Regin Alis | C34: Senior Maintenance Technician - Mechanical | D34: CM4 | E34: 18 | G34: NOT DONE | I34: NOT DONE | J34: 46184 | K34: DONE | M34: NOT DONE | O34: NOT DONE | Q34: NOT DONE | S34: NOT DONE | U34: NOT DONE | V34: 46312 | W34: DONE | X34: 46121 | Y34: DONE | Z34: 46312 | AA34: DONE | AB34: 46312 | AC34: DONE | AE34: NOT DONE | AG34: NOT DONE | AI34: NOT DONE | AK34: NOT DONE | AM34: NOT DONE | AN34: 46072 | AO34: DONE | AQ34: NOT DONE | AS34: NOT DONE | AU34: NOT DONE | AW34: NOT DONE | AY34: NOT DONE | BA34: NOT DONE | BB34: 46071 | BC34: DONE
A35: Q0188 | B35: Restito Fabic | C35: Project Supervisor - Mechanical | D35: Admin office | E35: 25 | G35: NOT DONE | I35: NOT DONE | K35: NOT DONE | M35: NOT DONE | O35: NOT DONE | Q35: NOT DONE | S35: NOT DONE | U35: NOT DONE | W35: NOT DONE | Y35: NOT DONE | AA35: NOT DONE | AC35: NOT DONE | AE35: NOT DONE | AG35: NOT DONE | AI35: NOT DONE | AK35: NOT DONE | AM35: NOT DONE | AO35: NOT DONE | AQ35: NOT DONE | AS35: NOT DONE | AU35: NOT DONE | AW35: NOT DONE | AY35: NOT DONE | BA35: NOT DONE | BC35: NOT DONE
A36: Q0194 | B36: Kamalanathan Poopalapillai | C36: Driver | D36: Pantry | E36: 25 | G36: NOT DONE | I36: NOT DONE | K36: NOT DONE | M36: NOT DONE | O36: NOT DONE | Q36: NOT DONE | S36: NOT DONE | U36: NOT DONE | W36: NOT DONE | Y36: NOT DONE | AA36: NOT DONE | AC36: NOT DONE | AE36: NOT DONE | AG36: NOT DONE | AI36: NOT DONE | AK36: NOT DONE | AM36: NOT DONE | AO36: NOT DONE | AQ36: NOT DONE | AS36: NOT DONE | AU36: NOT DONE | AW36: NOT DONE | AY36: NOT DONE | BA36: NOT DONE | BC36: NOT DONE
A37: Q0206 | B37: Anil Kumara | C37: Cleaner | D37: Pantry | E37: 25 | G37: NOT DONE | I37: NOT DONE | K37: NOT DONE | M37: NOT DONE | O37: NOT DONE | Q37: NOT DONE | S37: NOT DONE | U37: NOT DONE | W37: NOT DONE | Y37: NOT DONE | AA37: NOT DONE | AC37: NOT DONE | AE37: NOT DONE | AG37: NOT DONE | AI37: NOT DONE | AK37: NOT DONE | AM37: NOT DONE | AO37: NOT DONE | AQ37: NOT DONE | AS37: NOT DONE | AU37: NOT DONE | AW37: NOT DONE | AY37: NOT DONE | BA37: NOT DONE | BC37: NOT DONE
A38: Q0207 | B38: Lani Fernando Kachchakaduge | C38: Maintenance Technician - Mechanical | D38: PM2 | E38: 12 | F38: 46132 | G38: DONE | H38: 46133 | I38: DONE | J38: 46133 | K38: DONE | L38: 46134 | M38: DONE | O38: NOT DONE | Q38: NOT DONE | S38: NOT DONE | U38: NOT DONE | V38: 46134 | W38: DONE | X38: 46135 | Y38: DONE | Z38: 46135 | AA38: DONE | AB38: 46138 | AC38: DONE | AD38: 46138 | AE38: DONE | AF38: 46139 | AG38: DONE | AH38: 46139 | AI38: DONE | AK38: NOT DONE | AL38: 45522 | AM38: DONE | AN38: 45522 | AO38: DONE | AP38: 46139 | AQ38: DONE | AR38: 46140 | AS38: DONE | AU38: NOT DONE | AW38: NOT DONE | AY38: NOT DONE | BA38: NOT DONE | BC38: NOT DONE
A39: Q0208 | B39: Sampath Chamin | C39: Assistant Maintenance Technician | D39: PM3 | E39: 18 | F39: 45613 | G39: DONE | H39: 46196 | I39: DONE | J39: 46196 | K39: DONE | L39: 45718 | M39: DONE | O39: NOT DONE | Q39: NOT DONE | S39: NOT DONE | U39: NOT DONE | V39: 45670 | W39: DONE | X39: 45712 | Y39: DONE | Z39: 46135 | AA39: DONE | AB39: 45690 | AC39: DONE | AD39: 45728 | AE39: DONE | AF39: 45587 | AG39: DONE | AH39: 46139 | AI39: DONE | AK39: NOT DONE | AL39: 45536 | AM39: DONE | AN39: 46222 | AO39: DONE | AP39: 45893 | AQ39: DONE | AR39: 46267 | AS39: DONE | AU39: NOT DONE | AV39: 45582 | AW39: DONE | AY39: NOT DONE | BA39: NOT DONE | BC39: NOT DONE
A40: Q0216 | B40: Raymond Ian Montero | C40: Lead Storekeeper | D40: Store room | E40: 25 | G40: NOT DONE | I40: NOT DONE | K40: NOT DONE | M40: NOT DONE | O40: NOT DONE | Q40: NOT DONE | S40: NOT DONE | U40: NOT DONE | W40: NOT DONE | Y40: NOT DONE | AA40: NOT DONE | AC40: NOT DONE | AE40: NOT DONE | AG40: NOT DONE | AI40: NOT DONE | AK40: NOT DONE | AM40: NOT DONE | AO40: NOT DONE | AQ40: NOT DONE | AS40: NOT DONE | AU40: NOT DONE | AW40: NOT DONE | AY40: NOT DONE | BA40: NOT DONE | BC40: NOT DONE
A41: Q0219 | B41: James Magnaye Catapia | C41: Lead Maintenance Technician (Electrical) | D41: CM3 | E41: 1 | F41: 46304 | G41: DONE | H41: 46311 | I41: DONE | J41: 46310 | K41: DONE | L41: 45938 | M41: DONE | N41: 46272 | O41: DONE | P41: 46272 | Q41: DONE | R41: 46272 | S41: DONE | T41: 46272 | U41: DONE | V41: 45948 | W41: DONE | X41: 46312 | Y41: DONE | Z41: 46311 | AA41: DONE | AB41: 46307 | AC41: DONE | AD41: 46304 | AE41: DONE | AF41: 46311 | AG41: DONE | AH41: 46310 | AI41: DONE | AJ41: 46310 | AK41: DONE | AL41: 45596 | AM41: DONE | AN41: 46312 | AO41: DONE | AP41: 45941 | AQ41: DONE | AR41: 46312 | AS41: DONE | AT41: 46270 | AU41: DONE | AV41: 46270 | AW41: DONE | AX41: 46312 | AY41: DONE | AZ41: 45951 | BA41: DONE | BB41: 46311 | BC41: DONE
A42: Q0229 | B42: Marty Tolosa Ambas | C42: Lead Maintenance Technician (Mechanical) | D42: Resigned | E42: 25 | F42: 45657 | G42: DONE | H42: 45430 | I42: DONE | J42: 45713 | K42: DONE | L42: 45550 | M42: DONE | O42: NOT DONE | Q42: NOT DONE | S42: NOT DONE | U42: NOT DONE | W42: NOT DONE | X42: 45712 | Y42: DONE | Z42: 45579 | AA42: DONE | AC42: NOT DONE | AE42: NOT DONE | AF42: 45678 | AG42: DONE | AH42: 45714 | AI42: DONE | AK42: NOT DONE | AL42: 45536 | AM42: DONE | AN42: 45586 | AO42: DONE | AP42: 45441 | AQ42: DONE | AR42: 45544 | AS42: DONE | AU42: NOT DONE | AW42: NOT DONE | AY42: NOT DONE | BA42: NOT DONE | BC42: NOT DONE
A43: Q0234 | B43: Nove Manuel Menorisa Tagpuno | C43: Lead Maintenance Technician - Electrical | D43: CM1 | E43: 16 | F43: 45586 | G43: DONE | H43: 45588 | I43: DONE | J43: 45682 | K43: DONE | L43: 45590 | M43: DONE | N43: 46247 | O43: DONE | P43: 46247 | Q43: DONE | R43: 46247 | S43: DONE | T43: 46247 | U43: DONE | V43: 45706 | W43: DONE | X43: 45709 | Y43: DONE | Z43: 45707 | AA43: DONE | AB43: 46307 | AC43: DONE | AD43: 45707 | AE43: DONE | AF43: 45886 | AG43: DONE | AH43: 46216 | AI43: DONE | AJ43: 46216 | AK43: DONE | AM43: NOT DONE | AN43: 45586 | AO43: DONE | AP43: 45711 | AQ43: DONE | AR43: 45600 | AS43: DONE | AT43: 45710 | AU43: DONE | AV43: 45582 | AW43: DONE | AX43: 45709 | AY43: DONE | AZ43: 45780 | BA43: DONE | BB43: 46074 | BC43: DONE
A44: Q0235 | B44: Edgar Noceja | C44: Lead Maintenance Technician - Mechanical | D44: CM1 | E44: 15 | F44: 45586 | G44: DONE | H44: 45588 | I44: DONE | J44: 45682 | K44: DONE | L44: 45590 | M44: DONE | N44: 46247 | O44: DONE | P44: 46247 | Q44: DONE | R44: 46247 | S44: DONE | T44: 46247 | U44: DONE | V44: 45706 | W44: DONE | X44: 46128 | Y44: DONE | Z44: 45707 | AA44: DONE | AB44: 46307 | AC44: DONE | AD44: 45707 | AE44: DONE | AF44: 45886 | AG44: DONE | AH44: 46307 | AI44: DONE | AJ44: 46307 | AK44: DONE | AM44: NOT DONE | AN44: 45586 | AO44: DONE | AP44: 45711 | AQ44: DONE | AR44: 45601 | AS44: DONE | AT44: 45581 | AU44: DONE | AV44: 45711 | AW44: DONE | AX44: 45709 | AY44: DONE | AZ44: 45780 | BA44: DONE | BB44: 46074 | BC44: DONE
A45: Q0237 | B45: Ma. Edelfa Mendoza | C45: Secretary | D45: Admin office | E45: 25 | G45: NOT DONE | I45: NOT DONE | K45: NOT DONE | M45: NOT DONE | O45: NOT DONE | Q45: NOT DONE | S45: NOT DONE | U45: NOT DONE | W45: NOT DONE | Y45: NOT DONE | AA45: NOT DONE | AC45: NOT DONE | AE45: NOT DONE | AG45: NOT DONE | AI45: NOT DONE | AK45: NOT DONE | AM45: NOT DONE | AO45: NOT DONE | AQ45: NOT DONE | AS45: NOT DONE | AU45: NOT DONE | AW45: NOT DONE | AY45: NOT DONE | BA45: NOT DONE | BC45: NOT DONE
A46: Q0265 | B46: Mark Jayson Rosima | C46: Lead Maintenance Technician (Mechanical) | D46: Resigned | E46: 25 | G46: NOT DONE | I46: NOT DONE | K46: NOT DONE | L46: 45550 | M46: DONE | O46: NOT DONE | Q46: NOT DONE | S46: NOT DONE | U46: NOT DONE | V46: 45592 | W46: DONE | X46: 45523 | Y46: DONE | AA46: NOT DONE | AC46: NOT DONE | AE46: NOT DONE | AF46: 45678 | AG46: DONE | AI46: NOT DONE | AK46: NOT DONE | AL46: 45536 | AM46: DONE | AO46: NOT DONE | AP46: 45447 | AQ46: DONE | AR46: 45547 | AS46: DONE | AU46: NOT DONE | AW46: NOT DONE | AY46: NOT DONE | BA46: NOT DONE | BC46: NOT DONE
A47: Q0266 | B47: Cristopher Cruz | C47: Maintenance Technician (Electrical) /Acting Team Lead ULD Stands | D47: ULD Stands | E47: 1 | G47: NOT DONE | I47: NOT DONE | K47: NOT DONE | M47: NOT DONE | O47: NOT DONE | Q47: NOT DONE | S47: NOT DONE | U47: NOT DONE | W47: NOT DONE | Y47: NOT DONE | AA47: NOT DONE | AC47: NOT DONE | AE47: NOT DONE | AG47: NOT DONE | AI47: NOT DONE | AK47: NOT DONE | AM47: NOT DONE | AO47: NOT DONE | AQ47: NOT DONE | AS47: NOT DONE | AT47: 46225 | AU47: DONE | AV47: 46225 | AW47: DONE | AX47: 45600 | AY47: DONE | BA47: NOT DONE | BC47: NOT DONE
A48: Q0270 | B48: Ramanan Thavarasa | C48: Driver | D48: Pantry | E48: 25 | G48: NOT DONE | I48: NOT DONE | K48: NOT DONE | M48: NOT DONE | O48: NOT DONE | Q48: NOT DONE | S48: NOT DONE | U48: NOT DONE | W48: NOT DONE | Y48: NOT DONE | AA48: NOT DONE | AC48: NOT DONE | AE48: NOT DONE | AG48: NOT DONE | AI48: NOT DONE | AK48: NOT DONE | AM48: NOT DONE | AO48: NOT DONE | AQ48: NOT DONE | AS48: NOT DONE | AU48: NOT DONE | AW48: NOT DONE | AY48: NOT DONE | BA48: NOT DONE | BC48: NOT DONE
A49: Q0274 | B49: Renato Dimalanta Canlas | C49: Maintenance Technician (Mechanical) | D49: DFWH | E49: 25 | G49: NOT DONE | I49: NOT DONE | K49: NOT DONE | M49: NOT DONE | O49: NOT DONE | Q49: NOT DONE | S49: NOT DONE | U49: NOT DONE | W49: NOT DONE | Y49: NOT DONE | AA49: NOT DONE | AC49: NOT DONE | AE49: NOT DONE | AG49: NOT DONE | AI49: NOT DONE | AK49: NOT DONE | AM49: NOT DONE | AO49: NOT DONE | AQ49: NOT DONE | AS49: NOT DONE | AU49: NOT DONE | AW49: NOT DONE | AY49: NOT DONE | BA49: NOT DONE | BC49: NOT DONE
A50: Q0275 | B50: Ruben Dela Cruz Malabo | C50: Maintenance Technician (Mechanical) | D50: DFWH | E50: 25 | G50: NOT DONE | I50: NOT DONE | K50: NOT DONE | M50: NOT DONE | O50: NOT DONE | Q50: NOT DONE | S50: NOT DONE | U50: NOT DONE | W50: NOT DONE | Y50: NOT DONE | AA50: NOT DONE | AC50: NOT DONE | AE50: NOT DONE | AG50: NOT DONE | AI50: NOT DONE | AK50: NOT DONE | AM50: NOT DONE | AO50: NOT DONE | AQ50: NOT DONE | AS50: NOT DONE | AU50: NOT DONE | AW50: NOT DONE | AY50: NOT DONE | BA50: NOT DONE | BC50: NOT DONE
A51: Q0279 | B51: Manuel Jr. Esplago Feniza | C51: Lead Maintenance Technician (Electrical) | D51: AMH | E51: 25 | G51: NOT DONE | I51: NOT DONE | K51: NOT DONE | M51: NOT DONE | O51: NOT DONE | Q51: NOT DONE | S51: NOT DONE | U51: NOT DONE | W51: NOT DONE | Y51: NOT DONE | AA51: NOT DONE | AC51: NOT DONE | AE51: NOT DONE | AG51: NOT DONE | AI51: NOT DONE | AK51: NOT DONE | AM51: NOT DONE | AO51: NOT DONE | AQ51: NOT DONE | AS51: NOT DONE | AU51: NOT DONE | AW51: NOT DONE | AY51: NOT DONE | BA51: NOT DONE | BC51: NOT DONE
A52: Q0281 | B52: Billy Jim Morelos | C52: Lead Maintenance Technician (Mechanical) | D52: DFWH | E52: 25 | G52: NOT DONE | I52: NOT DONE | K52: NOT DONE | M52: NOT DONE | O52: NOT DONE | Q52: NOT DONE | S52: NOT DONE | U52: NOT DONE | W52: NOT DONE | Y52: NOT DONE | AA52: NOT DONE | AC52: NOT DONE | AE52: NOT DONE | AG52: NOT DONE | AI52: NOT DONE | AK52: NOT DONE | AM52: NOT DONE | AO52: NOT DONE | AQ52: NOT DONE | AS52: NOT DONE | AU52: NOT DONE | AW52: NOT DONE | AY52: NOT DONE | BA52: NOT DONE | BC52: NOT DONE
A53: Q0282 | B53: Haren Del Campo | C53: Lead Maintenance Technician (Electrical) | D53: AMH | E53: 25 | G53: NOT DONE | I53: NOT DONE | K53: NOT DONE | M53: NOT DONE | O53: NOT DONE | Q53: NOT DONE | S53: NOT DONE | U53: NOT DONE | W53: NOT DONE | Y53: NOT DONE | AA53: NOT DONE | AC53: NOT DONE | AE53: NOT DONE | AG53: NOT DONE | AI53: NOT DONE | AK53: NOT DONE | AM53: NOT DONE | AO53: NOT DONE | AQ53: NOT DONE | AS53: NOT DONE | AU53: NOT DONE | AW53: NOT DONE | AY53: NOT DONE | BA53: NOT DONE | BC53: NOT DONE
A54: Q0296 | B54: Mohamed Nabhan M. Shahiq | C54: Lead Maintenance Technician (Electrical) | D54: ULD Stands | E54: 3 | G54: NOT DONE | I54: NOT DONE | K54: NOT DONE | M54: NOT DONE | O54: NOT DONE | Q54: NOT DONE | S54: NOT DONE | U54: NOT DONE | W54: NOT DONE | Y54: NOT DONE | AA54: NOT DONE | AC54: NOT DONE | AE54: NOT DONE | AG54: NOT DONE | AI54: NOT DONE | AK54: NOT DONE | AM54: NOT DONE | AO54: NOT DONE | AQ54: NOT DONE | AS54: NOT DONE | AT54: 45581 | AU54: DONE | AV54: 45600 | AW54: DONE | AX54: 45600 | AY54: DONE | BA54: NOT DONE | BC54: NOT DONE
A55: Q0301 | B55: Rogelio Reyes Gomez Jr. | C55: Maintenance Technician (Electrical) | D55: DFWH | E55: 25 | F55: 45295 | G55: DONE | H55: 45388 | I55: DONE | J55: 45401 | K55: DONE | L55: 45389 | M55: DONE | O55: NOT DONE | Q55: NOT DONE | S55: NOT DONE | U55: NOT DONE | V55: 45405 | W55: DONE | X55: 45407 | Y55: DONE | Z55: 45401 | AA55: DONE | AB55: 45406 | AC55: DONE | AD55: 45419 | AE55: DONE | AF55: 45400 | AG55: DONE | AH55: 45395 | AI55: DONE | AK55: NOT DONE | AM55: NOT DONE | AO55: NOT DONE | AP55: 45417 | AQ55: DONE | AS55: NOT DONE | AU55: NOT DONE | AW55: NOT DONE | AY55: NOT DONE | BA55: NOT DONE | BC55: NOT DONE
A56: Q0312 | B56: John Michael Yagonia | C56: Lead Maintenance Technician - Electrical | D56: Projects | E56: 25 | F56: 45538 | G56: DONE | H56: 45555 | I56: DONE | J56: 45523 | K56: DONE | L56: 45521 | M56: DONE | O56: NOT DONE | Q56: NOT DONE | S56: NOT DONE | U56: NOT DONE | V56: 45544 | W56: DONE | X56: 45516 | Y56: DONE | Z56: 45542 | AA56: DONE | AB56: 45557 | AC56: DONE | AD56: 45519 | AE56: DONE | AF56: 45535 | AG56: DONE | AH56: 45525 | AI56: DONE | AK56: NOT DONE | AM56: NOT DONE | AO56: NOT DONE | AP56: 45564 | AQ56: DONE | AS56: NOT DONE | AU56: NOT DONE | AW56: NOT DONE | AY56: NOT DONE | BA56: NOT DONE | BC56: NOT DONE
A57: Q0314 | B57: Ronnie Villanueva Gutierrez | C57: Senior Maintenance Technician - Electrical | D57: Technical support office | E57: 25 | G57: NOT DONE | I57: NOT DONE | K57: NOT DONE | M57: NOT DONE | O57: NOT DONE | Q57: NOT DONE | S57: NOT DONE | U57: NOT DONE | W57: NOT DONE | Y57: NOT DONE | AA57: NOT DONE | AC57: NOT DONE | AE57: NOT DONE | AG57: NOT DONE | AI57: NOT DONE | AK57: NOT DONE | AM57: NOT DONE | AO57: NOT DONE | AQ57: NOT DONE | AS57: NOT DONE | AU57: NOT DONE | AW57: NOT DONE | AY57: NOT DONE | BA57: NOT DONE | BC57: NOT DONE
A58: Q0328 | B58: Nenad Jovkovic | C58: Maintenance Manager | D58: MM office | E58: 25 | G58: NOT DONE | I58: NOT DONE | K58: NOT DONE | M58: NOT DONE | O58: NOT DONE | Q58: NOT DONE | S58: NOT DONE | U58: NOT DONE | W58: NOT DONE | Y58: NOT DONE | AA58: NOT DONE | AC58: NOT DONE | AE58: NOT DONE | AG58: NOT DONE | AI58: NOT DONE | AK58: NOT DONE | AM58: NOT DONE | AO58: NOT DONE | AQ58: NOT DONE | AS58: NOT DONE | AU58: NOT DONE | AW58: NOT DONE | AY58: NOT DONE | BA58: NOT DONE | BC58: NOT DONE
A59: Q0329 | B59: Nhuel Caguicla Landicho | C59: Senior Maintenance Technician - Mechanical | D59: QDF office | E59: 25 | G59: NOT DONE | I59: NOT DONE | K59: NOT DONE | M59: NOT DONE | O59: NOT DONE | Q59: NOT DONE | S59: NOT DONE | U59: NOT DONE | W59: NOT DONE | Y59: NOT DONE | AA59: NOT DONE | AC59: NOT DONE | AE59: NOT DONE | AG59: NOT DONE | AI59: NOT DONE | AK59: NOT DONE | AM59: NOT DONE | AO59: NOT DONE | AQ59: NOT DONE | AS59: NOT DONE | AU59: NOT DONE | AW59: NOT DONE | AY59: NOT DONE | BA59: NOT DONE | BC59: NOT DONE
A60: Q0334 | B60: Mohamed Riswan Mohamed Salyh | C60: Maintenance Technician - Mechanical | D60: PM1 | E60: 22 | F60: 46079 | G60: DONE | H60: 45430 | I60: DONE | J60: 45713 | K60: DONE | L60: 45550 | M60: DONE | O60: NOT DONE | Q60: NOT DONE | S60: NOT DONE | U60: NOT DONE | V60: 45670 | W60: DONE | X60: 45712 | Y60: DONE | Z60: 45579 | AA60: DONE | AB60: 45690 | AC60: DONE | AD60: 45676 | AE60: DONE | AF60: 45897 | AG60: DONE | AH60: 45714 | AI60: DONE | AK60: NOT DONE | AL60: 45536 | AM60: DONE | AN60: 45586 | AO60: DONE | AP60: 45893 | AQ60: DONE | AR60: 45676 | AS60: DONE | AU60: NOT DONE | AW60: NOT DONE | AY60: NOT DONE | BA60: NOT DONE | BC60: NOT DONE
A61: Q0341 | B61: Dennis Ibe Sudario | C61: Maintenance Technician - Mechanical | D61: CM1 | E61: 15 | F61: 45586 | G61: DONE | H61: 45588 | I61: DONE | J61: 45682 | K61: DONE | L61: 45590 | M61: DONE | N61: 46247 | O61: DONE | P61: 46247 | Q61: DONE | R61: 46247 | S61: DONE | T61: 46247 | U61: DONE | V61: 45706 | W61: DONE | X61: 46128 | Y61: DONE | Z61: 45707 | AA61: DONE | AB61: 46307 | AC61: DONE | AD61: 45707 | AE61: DONE | AF61: 45886 | AG61: DONE | AH61: 46216 | AI61: DONE | AJ61: 46216 | AK61: DONE | AM61: NOT DONE | AN61: 45586 | AO61: DONE | AP61: 45711 | AQ61: DONE | AR61: 45601 | AS61: DONE | AT61: 45581 | AU61: DONE | AV61: 45711 | AW61: DONE | AX61: 45709 | AY61: DONE | AZ61: 45780 | BA61: DONE | BB61: 46074 | BC61: DONE
A62: Q0364 | B62: Christian Archie Barbosa Niez | C62: Lead Maintenance Technician - Mechanical | D62: CM1 | E62: 25 | F62: 45558 | G62: DONE | H62: 45596 | I62: DONE | J62: 45600 | K62: DONE | L62: 45557 | M62: DONE | O62: NOT DONE | Q62: NOT DONE | S62: NOT DONE | U62: NOT DONE | V62: 45604 | W62: DONE | X62: 45604 | Y62: DONE | Z62: 45594 | AA62: DONE | AB62: 45601 | AC62: DONE | AD62: 45560 | AE62: DONE | AF62: 45597 | AG62: DONE | AH62: 45593 | AI62: DONE | AK62: NOT DONE | AL62: 45597 | AM62: DONE | AN62: 45598 | AO62: DONE | AP62: 45593 | AQ62: DONE | AR62: 45661 | AS62: DONE | AT62: 45660 | AU62: DONE | AV62: 45659 | AW62: DONE | AX62: 45660 | AY62: DONE | BA62: NOT DONE | BC62: NOT DONE
A63: Q0365 | B63: Clint Jude Duarte Bicoy | C63: Maintenance Technician - Electrical | D63: CM3 | E63: 1 | F63: 46304 | G63: DONE | H63: 46311 | I63: DONE | J63: 46310 | K63: DONE | L63: 45938 | M63: DONE | N63: 46248 | O63: DONE | P63: 46248 | Q63: DONE | R63: 46248 | S63: DONE | T63: 46248 | U63: DONE | V63: 45948 | W63: DONE | X63: 46312 | Y63: DONE | Z63: 46311 | AA63: DONE | AB63: 46307 | AC63: DONE | AD63: 46304 | AE63: DONE | AF63: 46311 | AG63: DONE | AH63: 46310 | AI63: DONE | AJ63: 46310 | AK63: DONE | AL63: 45597 | AM63: DONE | AN63: 46312 | AO63: DONE | AP63: 45941 | AQ63: DONE | AR63: 46312 | AS63: DONE | AT63: 46270 | AU63: DONE | AV63: 46270 | AW63: DONE | AX63: 46312 | AY63: DONE | AZ63: 45951 | BA63: DONE | BB63: 46311 | BC63: DONE
A64: Q0370 | B64: Willie Facun Adi | C64: Maintenance Technician - Mechanical | D64: QNL | E64: 25 | G64: NOT DONE | I64: NOT DONE | K64: NOT DONE | M64: NOT DONE | O64: NOT DONE | Q64: NOT DONE | S64: NOT DONE | U64: NOT DONE | W64: NOT DONE | Y64: NOT DONE | AA64: NOT DONE | AC64: NOT DONE | AE64: NOT DONE | AG64: NOT DONE | AI64: NOT DONE | AK64: NOT DONE | AM64: NOT DONE | AO64: NOT DONE | AQ64: NOT DONE | AS64: NOT DONE | AU64: NOT DONE | AW64: NOT DONE | AY64: NOT DONE | BA64: NOT DONE | BC64: NOT DONE
A65: Q0372 | B65: Eduard Embate Endonela | C65: Maintenance Technician - Electrical | D65: Resigned | E65: 25 | F65: 45573 | G65: DONE | H65: 45569 | I65: DONE | J65: 45547 | K65: DONE | L65: 45545 | M65: DONE | O65: NOT DONE | Q65: NOT DONE | S65: NOT DONE | U65: NOT DONE | V65: 45592 | W65: DONE | Y65: NOT DONE | Z65: 45593 | AA65: DONE | AB65: 45529 | AC65: DONE | AD65: 45531 | AE65: DONE | AF65: 45535 | AG65: DONE | AH65: 45633 | AI65: DONE | AK65: NOT DONE | AL65: 45596 | AM65: DONE | AN65: 45595 | AO65: DONE | AQ65: NOT DONE | AR65: 45573 | AS65: DONE | AT65: 45613 | AU65: DONE | AV65: 45614 | AW65: DONE | AY65: NOT DONE | BA65: NOT DONE | BC65: NOT DONE
A66: Q0376 | B66: Sugathadasa Pattiwilage | C66: Assistant Maintenance Technician | D66: PM4 | E66: 21 | F66: 45657 | G66: DONE | H66: 45677 | I66: DONE | J66: 46196 | K66: DONE | L66: 45718 | M66: DONE | O66: NOT DONE | Q66: NOT DONE | S66: NOT DONE | U66: NOT DONE | V66: 45670 | W66: DONE | X66: 45670 | Y66: DONE | Z66: 46135 | AA66: DONE | AB66: 45690 | AC66: DONE | AD66: 45728 | AE66: DONE | AF66: 45678 | AG66: DONE | AH66: 46139 | AI66: DONE | AK66: NOT DONE | AL66: 45522 | AM66: DONE | AN66: 45522 | AO66: DONE | AP66: 45893 | AQ66: DONE | AR66: 45547 | AS66: DONE | AU66: NOT DONE | AW66: NOT DONE | AY66: NOT DONE | BA66: NOT DONE | BC66: NOT DONE
A67: Q0385 | B67: Gomer Repaso Plenos | C67: Lead Mechanical Technician - Mechanical | D67: CM4 | E67: 8 | F67: 45862 | G67: DONE | H67: 46311 | I67: DONE | J67: 46184 | K67: DONE | L67: 45677 | M67: DONE | N67: 46323 | O67: DONE | P67: 46323 | Q67: DONE | R67: 46323 | S67: DONE | T67: 46323 | U67: DONE | V67: 46312 | W67: DONE | X67: 46121 | Y67: DONE | Z67: 46312 | AA67: DONE | AB67: 46312 | AC67: DONE | AD67: 45676 | AE67: DONE | AF67: 45884 | AG67: DONE | AH67: 46215 | AI67: DONE | AJ67: 46215 | AK67: DONE | AM67: NOT DONE | AN67: 46072 | AO67: DONE | AP67: 46315 | AQ67: DONE | AR67: 45677 | AS67: DONE | AT67: 45676 | AU67: DONE | AV67: 45676 | AW67: DONE | AX67: 45676 | AY67: DONE | BA67: NOT DONE | BB67: 46071 | BC67: DONE
A68: Q0393 | B68: John Errol Para Marino | C68: Maintenance Technician - Electrical | D68: QNL | E68: 25 | G68: NOT DONE | I68: NOT DONE | K68: NOT DONE | M68: NOT DONE | O68: NOT DONE | Q68: NOT DONE | S68: NOT DONE | U68: NOT DONE | W68: NOT DONE | Y68: NOT DONE | AA68: NOT DONE | AC68: NOT DONE | AE68: NOT DONE | AG68: NOT DONE | AI68: NOT DONE | AK68: NOT DONE | AM68: NOT DONE | AO68: NOT DONE | AQ68: NOT DONE | AS68: NOT DONE | AU68: NOT DONE | AW68: NOT DONE | AY68: NOT DONE | BA68: NOT DONE | BC68: NOT DONE
A69: Q0396 | B69: Gabuin James Buintim | C69: H&S Senior Officer | D69: Admin office | E69: 25 | G69: NOT DONE | H69: 45705 | I69: DONE | K69: NOT DONE | M69: NOT DONE | O69: NOT DONE | Q69: NOT DONE | S69: NOT DONE | U69: NOT DONE | W69: NOT DONE | Y69: NOT DONE | AA69: NOT DONE | AC69: NOT DONE | AE69: NOT DONE | AG69: NOT DONE | AI69: NOT DONE | AK69: NOT DONE | AM69: NOT DONE | AO69: NOT DONE | AQ69: NOT DONE | AS69: NOT DONE | AU69: NOT DONE | AW69: NOT DONE | AY69: NOT DONE | BA69: NOT DONE | BC69: NOT DONE
A70: Q0403 | B70: Marlon Rodel Fracisco Pimentel | C70: Lead Maintenance Technician - Electrical | D70: AMH | E70: 25 | G70: NOT DONE | I70: NOT DONE | K70: NOT DONE | M70: NOT DONE | O70: NOT DONE | Q70: NOT DONE | S70: NOT DONE | U70: NOT DONE | W70: NOT DONE | Y70: NOT DONE | AA70: NOT DONE | AC70: NOT DONE | AE70: NOT DONE | AG70: NOT DONE | AI70: NOT DONE | AK70: NOT DONE | AM70: NOT DONE | AO70: NOT DONE | AQ70: NOT DONE | AS70: NOT DONE | AU70: NOT DONE | AW70: NOT DONE | AY70: NOT DONE | BA70: NOT DONE | BC70: NOT DONE
A71: Q0418 | B71: Nathaniel Laguidao Gamosa | C71: Lead Maintenance Technician - Mechanical | D71: Projects | E71: 25 | G71: NOT DONE | I71: NOT DONE | K71: NOT DONE | M71: NOT DONE | O71: NOT DONE | Q71: NOT DONE | S71: NOT DONE | U71: NOT DONE | W71: NOT DONE | Y71: NOT DONE | AA71: NOT DONE | AC71: NOT DONE | AE71: NOT DONE | AG71: NOT DONE | AI71: NOT DONE | AK71: NOT DONE | AM71: NOT DONE | AO71: NOT DONE | AQ71: NOT DONE | AS71: NOT DONE | AU71: NOT DONE | AW71: NOT DONE | AY71: NOT DONE | BA71: NOT DONE | BC71: NOT DONE
A72: Q0424 | B72: Ernesto JR Leona Campana | C72: Senior Maintenance Technician - Electrical | D72: QNL | E72: 25 | G72: NOT DONE | I72: NOT DONE | K72: NOT DONE | M72: NOT DONE | O72: NOT DONE | Q72: NOT DONE | S72: NOT DONE | U72: NOT DONE | W72: NOT DONE | Y72: NOT DONE | AA72: NOT DONE | AC72: NOT DONE | AE72: NOT DONE | AG72: NOT DONE | AI72: NOT DONE | AK72: NOT DONE | AM72: NOT DONE | AO72: NOT DONE | AQ72: NOT DONE | AS72: NOT DONE | AU72: NOT DONE | AW72: NOT DONE | AY72: NOT DONE | BA72: NOT DONE | BC72: NOT DONE
A73: Q0426 | B73: William Villanueva Gutierrez | C73: Maintenance Technician - Mechanical | D73: Projects | E73: 25 | G73: NOT DONE | I73: NOT DONE | K73: NOT DONE | M73: NOT DONE | O73: NOT DONE | Q73: NOT DONE | S73: NOT DONE | U73: NOT DONE | W73: NOT DONE | Y73: NOT DONE | AA73: NOT DONE | AC73: NOT DONE | AE73: NOT DONE | AG73: NOT DONE | AI73: NOT DONE | AK73: NOT DONE | AM73: NOT DONE | AO73: NOT DONE | AQ73: NOT DONE | AS73: NOT DONE | AU73: NOT DONE | AW73: NOT DONE | AY73: NOT DONE | BA73: NOT DONE | BC73: NOT DONE
A74: Q0428 | B74: Conrado DE Guzman Vineza | C74: Maintenance Technician - Mechanical | D74: PM3 | E74: 18 | F74: 45613 | G74: DONE | H74: 45588 | I74: DONE | J74: 46145 | K74: DONE | L74: 45588 | M74: DONE | O74: NOT DONE | Q74: NOT DONE | S74: NOT DONE | U74: NOT DONE | V74: 45670 | W74: DONE | X74: 45712 | Y74: DONE | Z74: 45588 | AA74: DONE | AB74: 46156 | AC74: DONE | AD74: 46149 | AE74: DONE | AF74: 45587 | AG74: DONE | AH74: 46146 | AI74: DONE | AK74: NOT DONE | AM74: NOT DONE | AN74: 46222 | AO74: DONE | AP74: 46147 | AQ74: DONE | AR74: 46154 | AS74: DONE | AU74: NOT DONE | AW74: NOT DONE | AY74: NOT DONE | BA74: NOT DONE | BC74: NOT DONE
A75: Q0429 | B75: Elecer Hernandez Llamoso | C75: Lead Maintenance Technician - Mechanical | D75: DFWH | E75: 25 | G75: NOT DONE | I75: NOT DONE | K75: NOT DONE | M75: NOT DONE | O75: NOT DONE | Q75: NOT DONE | S75: NOT DONE | U75: NOT DONE | W75: NOT DONE | Y75: NOT DONE | AA75: NOT DONE | AC75: NOT DONE | AE75: NOT DONE | AG75: NOT DONE | AI75: NOT DONE | AK75: NOT DONE | AM75: NOT DONE | AO75: NOT DONE | AQ75: NOT DONE | AS75: NOT DONE | AU75: NOT DONE | AW75: NOT DONE | AY75: NOT DONE | BA75: NOT DONE | BC75: NOT DONE
A76: Q0430 | B76: Elesor JR Cas Frondozo | C76: Maintenance Technician - Electrical | D76: CBF-AVI | E76: 25 | G76: NOT DONE | I76: NOT DONE | K76: NOT DONE | M76: NOT DONE | O76: NOT DONE | Q76: NOT DONE | S76: NOT DONE | U76: NOT DONE | W76: NOT DONE | Y76: NOT DONE | AA76: NOT DONE | AC76: NOT DONE | AE76: NOT DONE | AG76: NOT DONE | AI76: NOT DONE | AK76: NOT DONE | AM76: NOT DONE | AO76: NOT DONE | AQ76: NOT DONE | AS76: NOT DONE | AU76: NOT DONE | AW76: NOT DONE | AY76: NOT DONE | BA76: NOT DONE | BC76: NOT DONE
A77: Q0431 | B77: Jahsim Saycon Apila | C77: Maintenance Technician - Electrical | D77: Projects | E77: 8 | F77: 45939 | G77: DONE | H77: 45940 | I77: DONE | J77: 45948 | K77: DONE | L77: 45938 | M77: DONE | O77: NOT DONE | Q77: NOT DONE | S77: NOT DONE | U77: NOT DONE | V77: 45948 | W77: DONE | X77: 45990 | Y77: DONE | Z77: 45940 | AA77: DONE | AB77: 45948 | AC77: DONE | AD77: 45939 | AE77: DONE | AF77: 45950 | AG77: DONE | AH77: 45950 | AI77: DONE | AK77: NOT DONE | AL77: 45597 | AM77: DONE | AN77: 45598 | AO77: DONE | AP77: 45941 | AQ77: DONE | AR77: 45990 | AS77: DONE | AT77: 45991 | AU77: DONE | AV77: 45992 | AW77: DONE | AX77: 45992 | AY77: DONE | AZ77: 45951 | BA77: DONE | BC77: NOT DONE
A78: Q0432 | B78: Carlo Alcoran Tenorio | C78: Lead Maintenance Technician - Mechanical | D78: CM2 | E78: 8 | F78: 46295 | G78: DONE | H78: 45569 | I78: DONE | J78: 46252 | K78: DONE | L78: 45545 | M78: DONE | N78: 46253 | O78: DONE | P78: 46253 | Q78: DONE | S78: NOT DONE | U78: NOT DONE | V78: 46313 | W78: DONE | X78: 46253 | Y78: DONE | Z78: 46312 | AA78: DONE | AB78: 46283 | AC78: DONE | AD78: 46253 | AE78: DONE | AF78: 46273 | AG78: DONE | AH78: 45633 | AI78: DONE | AK78: NOT DONE | AL78: 46313 | AM78: DONE | AN78: 46146 | AO78: DONE | AP78: 46254 | AQ78: DONE | AR78: 46295 | AS78: DONE | AT78: 46146 | AU78: DONE | AV78: 46146 | AW78: DONE | AX78: 45689 | AY78: DONE | BA78: NOT DONE | BB78: 46274 | BC78: DONE
A79: Q0433 | B79: Alvin Quizon Tabasa | C79: Lead Maintenance Technician - Electrical | D79: QNL | E79: 25 | G79: NOT DONE | I79: NOT DONE | K79: NOT DONE | M79: NOT DONE | O79: NOT DONE | Q79: NOT DONE | S79: NOT DONE | U79: NOT DONE | W79: NOT DONE | Y79: NOT DONE | AA79: NOT DONE | AC79: NOT DONE | AE79: NOT DONE | AG79: NOT DONE | AI79: NOT DONE | AK79: NOT DONE | AM79: NOT DONE | AO79: NOT DONE | AQ79: NOT DONE | AS79: NOT DONE | AU79: NOT DONE | AW79: NOT DONE | AY79: NOT DONE | BA79: NOT DONE | BC79: NOT DONE
A80: Q0434 | B80: Miguelito Costelo Mainit | C80: Maintenance Technician - Mechanical | D80: CM1 | E80: 15 | F80: 45586 | G80: DONE | H80: 45588 | I80: DONE | J80: 45682 | K80: DONE | L80: 45590 | M80: DONE | N80: 46247 | O80: DONE | P80: 46247 | Q80: DONE | R80: 46247 | S80: DONE | T80: 46247 | U80: DONE | V80: 45706 | W80: DONE | X80: 46128 | Y80: DONE | Z80: 45707 | AA80: DONE | AB80: 46307 | AC80: DONE | AD80: 45707 | AE80: DONE | AF80: 45886 | AG80: DONE | AH80: 46307 | AI80: DONE | AJ80: 46307 | AK80: DONE | AM80: NOT DONE | AN80: 45586 | AO80: DONE | AP80: 45711 | AQ80: DONE | AR80: 45600 | AS80: DONE | AT80: 45710 | AU80: DONE | AV80: 45582 | AW80: DONE | AX80: 45709 | AY80: DONE | AZ80: 45820 | BA80: DONE | BB80: 46074 | BC80: DONE
A81: Q0436 | B81: Mohamed Nasardeen Mohamadu Main | C81: Assistant Maintenance Technician | D81: PM1 | E81: 22 | F81: 46079 | G81: DONE | H81: 45705 | I81: DONE | J81: 46112 | K81: DONE | L81: 45775 | M81: DONE | O81: NOT DONE | Q81: NOT DONE | S81: NOT DONE | U81: NOT DONE | V81: 45592 | W81: DONE | X81: 45523 | Y81: DONE | Z81: 46112 | AA81: DONE | AB81: 45690 | AC81: DONE | AD81: 45676 | AE81: DONE | AF81: 45678 | AG81: DONE | AH81: 45726 | AI81: DONE | AK81: NOT DONE | AL81: 45536 | AM81: DONE | AO81: NOT DONE | AP81: 45447 | AQ81: DONE | AR81: 45676 | AS81: DONE | AU81: NOT DONE | AW81: NOT DONE | AY81: NOT DONE | BA81: NOT DONE | BC81: NOT DONE
A82: Q0437 | B82: Dominic Munyua Kanyotu | C82: Storekeeper | D82: PM | E82: 12 | F82: 45993 | G82: DONE | H82: 45994 | I82: DONE | J82: 45993 | K82: DONE | L82: 45994 | M82: DONE | O82: NOT DONE | Q82: NOT DONE | S82: NOT DONE | U82: NOT DONE | V82: 45993 | W82: DONE | X82: 45997 | Y82: DONE | Z82: 45994 | AA82: DONE | AB82: 45997 | AC82: DONE | AD82: 45994 | AE82: DONE | AF82: 45997 | AG82: DONE | AH82: 45997 | AI82: DONE | AK82: NOT DONE | AM82: NOT DONE | AO82: NOT DONE | AP82: 45997 | AQ82: DONE | AR82: 45997 | AS82: DONE | AU82: NOT DONE | AW82: NOT DONE | AY82: NOT DONE | BA82: NOT DONE | BC82: NOT DONE
A83: Q0440 | B83: Lenson Kiarie Karuru | C83: Training Officer | D83: Admin office | E83: 25 | G83: NOT DONE | I83: NOT DONE | K83: NOT DONE | M83: NOT DONE | O83: NOT DONE | Q83: NOT DONE | S83: NOT DONE | U83: NOT DONE | W83: NOT DONE | Y83: NOT DONE | AA83: NOT DONE | AC83: NOT DONE | AE83: NOT DONE | AG83: NOT DONE | AI83: NOT DONE | AK83: NOT DONE | AM83: NOT DONE | AO83: NOT DONE | AQ83: NOT DONE | AS83: NOT DONE | AU83: NOT DONE | AW83: NOT DONE | AY83: NOT DONE | BA83: NOT DONE | BC83: NOT DONE
A84: Q0444 | B84: Ryan Mauring Adol | C84: Maintenance Technician - Electrical | D84: CM3 | E84: 1 | F84: 46304 | G84: DONE | H84: 46311 | I84: DONE | J84: 46310 | K84: DONE | L84: 45938 | M84: DONE | N84: 46248 | O84: DONE | P84: 46248 | Q84: DONE | R84: 46248 | S84: DONE | T84: 46248 | U84: DONE | V84: 45948 | W84: DONE | X84: 46312 | Y84: DONE | Z84: 46311 | AA84: DONE | AB84: 46307 | AC84: DONE | AD84: 46304 | AE84: DONE | AF84: 46311 | AG84: DONE | AH84: 46310 | AI84: DONE | AJ84: 46310 | AK84: DONE | AL84: 45597 | AM84: DONE | AN84: 46312 | AO84: DONE | AP84: 45941 | AQ84: DONE | AR84: 46312 | AS84: DONE | AT84: 46270 | AU84: DONE | AV84: 46270 | AW84: DONE | AX84: 46312 | AY84: DONE | AZ84: 45951 | BA84: DONE | BB84: 46311 | BC84: DONE
A85: Q0445 | B85: Joey JR Tiwo Meramonte | C85: Maintenance Technician - Mechanical | D85: CM3 | E85: 1 | F85: 46304 | G85: DONE | H85: 46311 | I85: DONE | J85: 46310 | K85: DONE | L85: 45938 | M85: DONE | N85: 46248 | O85: DONE | P85: 46248 | Q85: DONE | R85: 46248 | S85: DONE | T85: 46248 | U85: DONE | V85: 45948 | W85: DONE | X85: 46312 | Y85: DONE | Z85: 46311 | AA85: DONE | AB85: 46307 | AC85: DONE | AD85: 46304 | AE85: DONE | AF85: 46311 | AG85: DONE | AH85: 46310 | AI85: DONE | AJ85: 46310 | AK85: DONE | AL85: 45597 | AM85: DONE | AN85: 46312 | AO85: DONE | AP85: 45941 | AQ85: DONE | AR85: 46312 | AS85: DONE | AT85: 46270 | AU85: DONE | AV85: 46270 | AW85: DONE | AX85: 46312 | AY85: DONE | AZ85: 45951 | BA85: DONE | BB85: 46311 | BC85: DONE
A86: Q0446 | B86: Mario Dorado Hernandez | C86: Maintenance Technician - Mechanical | D86: CBF-AVI | E86: 25 | G86: NOT DONE | I86: NOT DONE | K86: NOT DONE | M86: NOT DONE | O86: NOT DONE | Q86: NOT DONE | S86: NOT DONE | U86: NOT DONE | W86: NOT DONE | Y86: NOT DONE | AA86: NOT DONE | AC86: NOT DONE | AE86: NOT DONE | AG86: NOT DONE | AI86: NOT DONE | AK86: NOT DONE | AM86: NOT DONE | AO86: NOT DONE | AQ86: NOT DONE | AS86: NOT DONE | AU86: NOT DONE | AW86: NOT DONE | AY86: NOT DONE | BA86: NOT DONE | BC86: NOT DONE
A87: Q0455 | B87: Sooraj Kurisinkal Reji | C87: IT Engineer | D87: Technical support office | E87: 25 | G87: NOT DONE | I87: NOT DONE | K87: NOT DONE | M87: NOT DONE | O87: NOT DONE | Q87: NOT DONE | S87: NOT DONE | U87: NOT DONE | W87: NOT DONE | Y87: NOT DONE | AA87: NOT DONE | AC87: NOT DONE | AE87: NOT DONE | AG87: NOT DONE | AI87: NOT DONE | AK87: NOT DONE | AM87: NOT DONE | AO87: NOT DONE | AQ87: NOT DONE | AS87: NOT DONE | AU87: NOT DONE | AW87: NOT DONE | AY87: NOT DONE | BA87: NOT DONE | BC87: NOT DONE
A88: Q0459 | B88: Jose Isagani Jr. Jamero Alaan | C88: Maintenance Technician - Mechanical | D88: AMH | E88: 25 | G88: NOT DONE | I88: NOT DONE | K88: NOT DONE | M88: NOT DONE | O88: NOT DONE | Q88: NOT DONE | S88: NOT DONE | U88: NOT DONE | W88: NOT DONE | Y88: NOT DONE | AA88: NOT DONE | AC88: NOT DONE | AE88: NOT DONE | AG88: NOT DONE | AI88: NOT DONE | AK88: NOT DONE | AM88: NOT DONE | AO88: NOT DONE | AQ88: NOT DONE | AS88: NOT DONE | AU88: NOT DONE | AW88: NOT DONE | AY88: NOT DONE | BA88: NOT DONE | BC88: NOT DONE
A89: Q0462 | B89: Jishnu Surendran | C89: Procurement Officer | D89: Admin office | E89: 25 | G89: NOT DONE | I89: NOT DONE | K89: NOT DONE | M89: NOT DONE | O89: NOT DONE | Q89: NOT DONE | S89: NOT DONE | U89: NOT DONE | W89: NOT DONE | Y89: NOT DONE | AA89: NOT DONE | AC89: NOT DONE | AE89: NOT DONE | AG89: NOT DONE | AI89: NOT DONE | AK89: NOT DONE | AM89: NOT DONE | AO89: NOT DONE | AQ89: NOT DONE | AS89: NOT DONE | AU89: NOT DONE | AW89: NOT DONE | AY89: NOT DONE | BA89: NOT DONE | BC89: NOT DONE
A90: Q0463 | B90: Saritha Oromariyil Sukumaran | C90: Sales & Procurement Officer | D90: Admin office | E90: 25 | G90: NOT DONE | I90: NOT DONE | K90: NOT DONE | M90: NOT DONE | O90: NOT DONE | Q90: NOT DONE | S90: NOT DONE | U90: NOT DONE | W90: NOT DONE | Y90: NOT DONE | AA90: NOT DONE | AC90: NOT DONE | AE90: NOT DONE | AG90: NOT DONE | AI90: NOT DONE | AK90: NOT DONE | AM90: NOT DONE | AO90: NOT DONE | AQ90: NOT DONE | AS90: NOT DONE | AU90: NOT DONE | AW90: NOT DONE | AY90: NOT DONE | BA90: NOT DONE | BC90: NOT DONE
A91: Q0468 | B91: Renz Jake Orense Lontoc | C91: Maintenance Technician - Mechanical | D91: Projects | E91: 25 | G91: NOT DONE | I91: NOT DONE | K91: NOT DONE | M91: NOT DONE | O91: NOT DONE | Q91: NOT DONE | S91: NOT DONE | U91: NOT DONE | W91: NOT DONE | Y91: NOT DONE | AA91: NOT DONE | AC91: NOT DONE | AE91: NOT DONE | AG91: NOT DONE | AI91: NOT DONE | AK91: NOT DONE | AM91: NOT DONE | AO91: NOT DONE | AQ91: NOT DONE | AS91: NOT DONE | AU91: NOT DONE | AW91: NOT DONE | AY91: NOT DONE | BA91: NOT DONE | BC91: NOT DONE
A92: Q0471 | B92: Dennis Delfino Daginotan | C92: Lead Maintenance Technician - Electrical | D92: Resigned | E92: 25 | F92: 45613 | G92: DONE | I92: NOT DONE | K92: NOT DONE | M92: NOT DONE | O92: NOT DONE | Q92: NOT DONE | S92: NOT DONE | U92: NOT DONE | V92: 45595 | W92: DONE | Y92: NOT DONE | Z92: 45406 | AA92: DONE | AC92: NOT DONE | AE92: NOT DONE | AF92: 45587 | AG92: DONE | AH92: 45397 | AI92: DONE | AK92: NOT DONE | AL92: 45536 | AM92: DONE | AO92: NOT DONE | AQ92: NOT DONE | AR92: 45546 | AS92: DONE | AU92: NOT DONE | AV92: 45582 | AW92: DONE | AY92: NOT DONE | BA92: NOT DONE | BC92: NOT DONE
A93: Q0474 | B93: John Eric Bonganay Borcelis | C93: Lead Maintenance Technician - Electrical | D93: Resigned | E93: 22 | F93: 45863 | G93: DONE | H93: 45555 | I93: DONE | J93: 45525 | K93: DONE | L93: 45521 | M93: DONE | O93: NOT DONE | Q93: NOT DONE | S93: NOT DONE | U93: NOT DONE | V93: 45544 | W93: DONE | X93: 45516 | Y93: DONE | Z93: 45542 | AA93: DONE | AB93: 45557 | AC93: DONE | AD93: 45884 | AE93: DONE | AF93: 45884 | AG93: DONE | AH93: 45525 | AI93: DONE | AK93: NOT DONE | AM93: NOT DONE | AO93: NOT DONE | AP93: 45564 | AQ93: DONE | AR93: 45677 | AS93: DONE | AT93: 45676 | AU93: DONE | AV93: 45676 | AW93: DONE | AX93: 45676 | AY93: DONE | BA93: NOT DONE | BC93: NOT DONE
A94: Q0477 | B94: Ray Maitem Maureal | C94: Maintenance Technician - Mechanical | D94: CM2 | E94: 12 | F94: 45862 | G94: DONE | H94: 45719 | I94: DONE | J94: 46252 | K94: DONE | L94: 45521 | M94: DONE | N94: 46253 | O94: DONE | P94: 46253 | Q94: DONE | S94: NOT DONE | U94: NOT DONE | V94: 45592 | W94: DONE | X94: 46253 | Y94: DONE | Z94: 45725 | AA94: DONE | AB94: 46283 | AC94: DONE | AD94: 46253 | AE94: DONE | AF94: 46273 | AG94: DONE | AH94: 45633 | AI94: DONE | AK94: NOT DONE | AL94: 45536 | AM94: DONE | AN94: 46146 | AO94: DONE | AP94: 46254 | AQ94: DONE | AR94: 45547 | AS94: DONE | AT94: 46146 | AU94: DONE | AV94: 46146 | AW94: DONE | AX94: 45689 | AY94: DONE | BA94: NOT DONE | BB94: 46274 | BC94: DONE
A95: Q0478 | B95: Paul Jeric Azul Falcatan | C95: Maintenance Technician - Electrical | D95: AMH | E95: 25 | G95: NOT DONE | I95: NOT DONE | K95: NOT DONE | L95: 45521 | M95: DONE | O95: NOT DONE | Q95: NOT DONE | S95: NOT DONE | U95: NOT DONE | W95: NOT DONE | Y95: NOT DONE | AA95: NOT DONE | AC95: NOT DONE | AE95: NOT DONE | AG95: NOT DONE | AI95: NOT DONE | AK95: NOT DONE | AM95: NOT DONE | AO95: NOT DONE | AQ95: NOT DONE | AS95: NOT DONE | AU95: NOT DONE | AW95: NOT DONE | AY95: NOT DONE | BA95: NOT DONE | BC95: NOT DONE
A96: Q0480 | B96: Roderick Cailao Amar | C96: Maintenance Technician - Mechanical | D96: CM4 | E96: 8 | F96: 45901 | G96: DONE | H96: 46311 | I96: DONE | J96: 45671 | K96: DONE | L96: 45521 | M96: DONE | N96: 46311 | O96: DONE | P96: 46311 | Q96: DONE | R96: 46311 | S96: DONE | T96: 46311 | U96: DONE | V96: 46312 | W96: DONE | X96: 46121 | Y96: DONE | Z96: 46312 | AA96: DONE | AB96: 46312 | AC96: DONE | AD96: 45884 | AE96: DONE | AF96: 45911 | AG96: DONE | AH96: 46315 | AI96: DONE | AJ96: 46315 | AK96: DONE | AM96: NOT DONE | AN96: 46072 | AO96: DONE | AP96: 46315 | AQ96: DONE | AR96: 45677 | AS96: DONE | AT96: 45676 | AU96: DONE | AV96: 45676 | AW96: DONE | AX96: 45676 | AY96: DONE | BA96: NOT DONE | BB96: 46071 | BC96: DONE
A97: Q0482 | B97: Jimmy Mallari Dela Cruz | C97: Maintenance Technician - Mechanical | D97: AMH | E97: 25 | G97: NOT DONE | I97: NOT DONE | K97: NOT DONE | L97: 45521 | M97: DONE | O97: NOT DONE | Q97: NOT DONE | S97: NOT DONE | U97: NOT DONE | W97: NOT DONE | Y97: NOT DONE | Z97: 45438 | AA97: DONE | AC97: NOT DONE | AE97: NOT DONE | AG97: NOT DONE | AI97: NOT DONE | AK97: NOT DONE | AM97: NOT DONE | AO97: NOT DONE | AQ97: NOT DONE | AS97: NOT DONE | AU97: NOT DONE | AW97: NOT DONE | AY97: NOT DONE | BA97: NOT DONE | BC97: NOT DONE
A98: Q0483 | B98: Meegle Mathew | C98: HR & Administration Officer | D98: Admin office | E98: 25 | G98: NOT DONE | I98: NOT DONE | K98: NOT DONE | M98: NOT DONE | O98: NOT DONE | Q98: NOT DONE | S98: NOT DONE | U98: NOT DONE | W98: NOT DONE | Y98: NOT DONE | AA98: NOT DONE | AC98: NOT DONE | AE98: NOT DONE | AG98: NOT DONE | AI98: NOT DONE | AK98: NOT DONE | AM98: NOT DONE | AO98: NOT DONE | AQ98: NOT DONE | AS98: NOT DONE | AU98: NOT DONE | AW98: NOT DONE | AY98: NOT DONE | BA98: NOT DONE | BC98: NOT DONE
A99: Q0484 | B99: Thuvarakan Pulenthiran | C99: Assistant Maintenance Technician | D99: Camp Boss | E99: 25 | G99: NOT DONE | I99: NOT DONE | K99: NOT DONE | L99: 45521 | M99: DONE | O99: NOT DONE | Q99: NOT DONE | S99: NOT DONE | U99: NOT DONE | W99: NOT DONE | Y99: NOT DONE | Z99: 45438 | AA99: DONE | AC99: NOT DONE | AE99: NOT DONE | AG99: NOT DONE | AH99: 45397 | AI99: DONE | AK99: NOT DONE | AL99: 45442 | AM99: DONE | AO99: NOT DONE | AP99: 45441 | AQ99: DONE | AS99: NOT DONE | AU99: NOT DONE | AW99: NOT DONE | AY99: NOT DONE | BA99: NOT DONE | BC99: NOT DONE
A100: Q0487 | B100: Jerome Latagan Cardejon | C100: Maintenance Technician - Mechanical | D100: ULD Stands | E100: 3 | G100: NOT DONE | I100: NOT DONE | K100: NOT DONE | M100: NOT DONE | O100: NOT DONE | Q100: NOT DONE | S100: NOT DONE | U100: NOT DONE | W100: NOT DONE | Y100: NOT DONE | AA100: NOT DONE | AB100: 45452 | AC100: DONE | AE100: NOT DONE | AG100: NOT DONE | AI100: NOT DONE | AK100: NOT DONE | AM100: NOT DONE | AO100: NOT DONE | AQ100: NOT DONE | AS100: NOT DONE | AT100: 45581 | AU100: DONE | AV100: 45600 | AW100: DONE | AX100: 45600 | AY100: DONE | BA100: NOT DONE | BC100: NOT DONE
A101: Q0488 | B101: Jay Tucker Mendoza | C101: Maintenance Technician - Electrical | D101: QNL | E101: 25 | G101: NOT DONE | I101: NOT DONE | K101: NOT DONE | M101: NOT DONE | O101: NOT DONE | Q101: NOT DONE | S101: NOT DONE | U101: NOT DONE | W101: NOT DONE | Y101: NOT DONE | AA101: NOT DONE | AC101: NOT DONE | AE101: NOT DONE | AG101: NOT DONE | AI101: NOT DONE | AK101: NOT DONE | AM101: NOT DONE | AO101: NOT DONE | AQ101: NOT DONE | AS101: NOT DONE | AU101: NOT DONE | AW101: NOT DONE | AY101: NOT DONE | BA101: NOT DONE | BC101: NOT DONE
A102: Q0489 | B102: Crisfo Lo Nibal | C102: Maintenance Technician - Electrical | D102: DFWH | E102: 21 | F102: 45761 | G102: DONE | H102: 45762 | I102: DONE | J102: 45762 | K102: DONE | L102: 45766 | M102: DONE | O102: NOT DONE | Q102: NOT DONE | S102: NOT DONE | U102: NOT DONE | V102: 45762 | W102: DONE | X102: 45769 | Y102: DONE | Z102: 45767 | AA102: DONE | AB102: 45770 | AC102: DONE | AD102: 45769 | AE102: DONE | AF102: 45886 | AG102: DONE | AH102: 45755 | AI102: DONE | AK102: NOT DONE | AM102: NOT DONE | AO102: NOT DONE | AP102: 45770 | AQ102: DONE | AR102: 45827 | AS102: DONE | AT102: 45827 | AU102: DONE | AV102: 45827 | AW102: DONE | AX102: 45768 | AY102: DONE | AZ102: 45780 | BA102: DONE | BC102: NOT DONE
...

Sheet DFW Trainings
A1: Emp. No. | B1: Employee Name | C1: TEAM | D1: Count Of Trainings From June | E1: Count Of Trainings | F1: Date | G1: Reach Truck R16 | H1: Date | I1: VNA Truck-K | J1: Date | K1: Stretch Wrapper | L1: Date | M1: Counter Balance Truck E-15 | N1: Date | O1: Order Picker | P1: Date | Q1: Bin Conveyor System | R1: Date | S1: Pallet Conveyor System | T1: Date | U1: Pallet Stacker L-14 | V1: Date | W1: Bin Hoist S-Type | X1: Date | Y1: Low Lift Truck T30 | Z1: Date | AA1: Bizerba Weight | AB1: Date | AC1: ASRS Stacker Crane | AD1: Date | AE1: Pallet Hoist | AF1: Date | AG1: Linde Software and ELOKON | AH1: Date | AI1: MHE Battery & Chargers | AJ1: Date | AK1: Stretch Wrapper Parameters | AL1: Date | AM1: Maintenance Work Guide For New Member | AN1: Date | AO1: MFC-EDS Operational Training Manual
A2: Q0055 | B2: Chidanand Bhaskara Chaithanya | C2: QDF office | D2: 20 | E2: 0 | G2: NOT DONE | I2: NOT DONE | K2: NOT DONE | M2: NOT DONE | O2: NOT DONE | Q2: NOT DONE | S2: NOT DONE | U2: NOT DONE | W2: NOT DONE | Y2: NOT DONE | AA2: NOT DONE | AC2: NOT DONE | AE2: NOT DONE | AG2: NOT DONE | AI2: NOT DONE | AK2: NOT DONE
A3: Q0149 | B3: Venice Mendova Jadloc | C3: Resigned | D3: 17 | E3: 16 | F3: 45589 | G3: DONE | H3: 45508 | I3: DONE | J3: 45511 | K3: DONE | L3: 45545 | M3: DONE | N3: 45539 | O3: DONE | P3: 45859 | Q3: DONE | R3: 45593 | S3: DONE | T3: 45560 | U3: DONE | V3: 45564 | W3: DONE | X3: 45586 | Y3: DONE | Z3: 45544 | AA3: DONE | AB3: 45578 | AC3: DONE | AD3: 45581 | AE3: DONE | AF3: 45593 | AG3: DONE | AH3: 45592 | AI3: DONE | AJ3: 45557 | AK3: DONE | AM3: NOT DONE | AO3: NOT DONE
A4: Q0274 | B4: Renato Dimalanta Canlas | C4: DFWH | D4: 15 | E4: 16 | F4: 45589 | G4: DONE | H4: 46243 | I4: DONE | J4: 46243 | K4: DONE | L4: 45550 | M4: DONE | N4: 45539 | O4: DONE | P4: 45875 | Q4: DONE | R4: 45593 | S4: DONE | T4: 45572 | U4: DONE | V4: 45552 | W4: DONE | X4: 45589 | Y4: DONE | Z4: 45551 | AA4: DONE | AB4: 45575 | AC4: DONE | AD4: 45579 | AE4: DONE | AF4: 45593 | AG4: DONE | AH4: 45592 | AI4: DONE | AJ4: 45549 | AK4: DONE | AM4: NOT DONE | AO4: NOT DONE
A5: Q0275 | B5: Ruben Dela Cruz Malabo | C5: DFWH | D5: 17 | E5: 16 | F5: 45587 | G5: DONE | H5: 45508 | I5: DONE | J5: 45511 | K5: DONE | L5: 45545 | M5: DONE | N5: 45547 | O5: DONE | P5: 45859 | Q5: DONE | R5: 45587 | S5: DONE | T5: 45566 | U5: DONE | V5: 45564 | W5: DONE | X5: 45586 | Y5: DONE | Z5: 45544 | AA5: DONE | AB5: 45585 | AC5: DONE | AD5: 45588 | AE5: DONE | AF5: 45593 | AG5: DONE | AH5: 45592 | AI5: DONE | AJ5: 45550 | AK5: DONE | AM5: NOT DONE | AO5: NOT DONE
A6: Q0281 | B6: Billy Jim Morelos | C6: DFWH | D6: 1 | E6: 16 | F6: 46312 | G6: DONE | H6: 46250 | I6: DONE | J6: 46250 | K6: DONE | L6: 46279 | M6: DONE | N6: 46289 | O6: DONE | P6: 45859 | Q6: DONE | R6: 46310 | S6: DONE | T6: 46289 | U6: DONE | V6: 46289 | W6: DONE | X6: 46316 | Y6: DONE | Z6: 46310 | AA6: DONE | AB6: 46299 | AC6: DONE | AD6: 46312 | AE6: DONE | AF6: 46049 | AG6: DONE | AH6: 46316 | AI6: DONE | AJ6: 46279 | AK6: DONE | AM6: NOT DONE | AN6: 46316 | AO6: DONE
A7: Q0301 | B7: Rogelio Reyes Gomez Jr. | C7: DFWH | D7: 7 | E7: 15 | F7: 45946 | G7: DONE | H7: 45946 | I7: DONE | J7: 46284 | K7: DONE | L7: 46284 | M7: DONE | N7: 46273 | O7: DONE | P7: 45865 | Q7: DONE | R7: 45676 | S7: DONE | T7: 45713 | U7: DONE | V7: 45693 | W7: DONE | X7: 45729 | Y7: DONE | Z7: 46284 | AA7: DONE | AB7: 46307 | AC7: DONE | AE7: NOT DONE | AF7: 45952 | AG7: DONE | AH7: 45853 | AI7: DONE | AJ7: 46284 | AK7: DONE | AM7: NOT DONE | AO7: NOT DONE
A8: Q0329 | B8: Nhuel Caguicla Landicho | C8: QDF office | D8: 17 | E8: 1 | G8: NOT DONE | I8: NOT DONE | K8: NOT DONE | M8: NOT DONE | O8: NOT DONE | Q8: NOT DONE | S8: NOT DONE | U8: NOT DONE | W8: NOT DONE | Y8: NOT DONE | AA8: NOT DONE | AC8: NOT DONE | AD8: 45951 | AE8: DONE | AG8: NOT DONE | AI8: NOT DONE | AK8: NOT DONE | AM8: NOT DONE | AO8: NOT DONE
A9: Q0429 | B9: Elecer Hernandez Llamoso | C9: DFWH | D9: 18 | E9: 16 | F9: 45589 | G9: DONE | H9: 45508 | I9: DONE | J9: 45511 | K9: DONE | L9: 45545 | M9: DONE | N9: 45539 | O9: DONE | P9: 45546 | Q9: DONE | R9: 45587 | S9: DONE | T9: 45560 | U9: DONE | V9: 45564 | W9: DONE | X9: 45586 | Y9: DONE | Z9: 45544 | AA9: DONE | AB9: 45575 | AC9: DONE | AD9: 45579 | AE9: DONE | AF9: 45593 | AG9: DONE | AH9: 45592 | AI9: DONE | AJ9: 45523 | AK9: DONE | AM9: NOT DONE | AO9: NOT DONE
A10: Q0430 | B10: Elesor JR Cas Frondozo | C10: CBF-AVI | D10: 32 | E10: 1 | G10: NOT DONE | I10: NOT DONE | AB10: 46012 | AC10: DONE
A11: Q0489 | B11: Crisfo Lo Nibal | C11: DFWH | D11: 4 | E11: 16 | F11: 46314 | G11: DONE | H11: 46242 | I11: DONE | J11: 46243 | K11: DONE | L11: 46295 | M11: DONE | N11: 46274 | O11: DONE | P11: 46295 | Q11: DONE | R11: 46301 | S11: DONE | T11: 45547 | U11: DONE | V11: 46295 | W11: DONE | X11: 46316 | Y11: DONE | Z11: 46295 | AA11: DONE | AB11: 45579 | AC11: DONE | AD11: 46314 | AE11: DONE | AF11: 45589 | AG11: DONE | AH11: 46316 | AI11: DONE | AJ11: 46243 | AK11: DONE | AM11: NOT DONE | AN11: 46316 | AO11: DONE
A12: Q0499 | B12: Nino Vercide Arda | C12: DFWH | D12: 2 | E12: 16 | F12: 46312 | G12: DONE | H12: 46287 | I12: DONE | J12: 46244 | K12: DONE | L12: 46284 | M12: DONE | N12: 46273 | O12: DONE | P12: 45859 | Q12: DONE | R12: 46314 | S12: DONE | T12: 46245 | U12: DONE | V12: 46287 | W12: DONE | X12: 46321 | Y12: DONE | Z12: 46284 | AA12: DONE | AB12: 46299 | AC12: DONE | AD12: 46312 | AE12: DONE | AF12: 45579 | AG12: DONE | AH12: 46314 | AI12: DONE | AJ12: 46244 | AK12: DONE | AM12: NOT DONE | AN12: 46321 | AO12: DONE
A13: Q0503 | B13: Jeffery Manarpaac Urolaza | C13: Resigned | D13: 10 | E13: 16 | F13: 45782 | G13: DONE | H13: 45771 | I13: DONE | J13: 45782 | K13: DONE | L13: 45789 | M13: DONE | N13: 45865 | O13: DONE | P13: 45819 | Q13: DONE | R13: 45818 | S13: DONE | T13: 45770 | U13: DONE | V13: 45852 | W13: DONE | X13: 45826 | Y13: DONE | Z13: 45823 | AA13: DONE | AB13: 45833 | AC13: DONE | AD13: 45851 | AE13: DONE | AF13: 45824 | AG13: DONE | AH13: 45853 | AI13: DONE | AJ13: 45781 | AK13: DONE | AL13: 45754 | AM13: DONE | AN13: 45866 | AO13: DONE
A14: Q0530 | B14: Erick Omondi Okoyo | C14: CBF-AVI | D14: 10 | E14: 16 | F14: 46162 | G14: DONE | H14: 46159 | I14: DONE | J14: 45686 | K14: DONE | L14: 45714 | M14: DONE | N14: 45725 | O14: DONE | P14: 46168 | Q14: DONE | R14: 45670 | S14: DONE | T14: 45713 | U14: DONE | V14: 45693 | W14: DONE | X14: 45729 | Y14: DONE | Z14: 46167 | AA14: DONE | AB14: 46012 | AC14: DONE | AD14: 45692 | AE14: DONE | AF14: 46167 | AG14: DONE | AH14: 45732 | AI14: DONE | AJ14: 46167 | AK14: DONE | AM14: NOT DONE | AN14: 46168 | AO14: DONE
A15: Q0534 | B15: Naser Qasim Mohammad Alhaj Ahmed | C15: QDF office | D15: 18 | E15: 0 | G15: NOT DONE | I15: NOT DONE | K15: NOT DONE | M15: NOT DONE | O15: NOT DONE | Q15: NOT DONE | S15: NOT DONE | U15: NOT DONE | W15: NOT DONE | Y15: NOT DONE | AA15: NOT DONE | AC15: NOT DONE | AE15: NOT DONE | AG15: NOT DONE | AI15: NOT DONE | AK15: NOT DONE | AM15: NOT DONE | AO15: NOT DONE
A16: Q0542 | B16: Hernan John Baguion Murcillos | C16: CBF-AVI | D16: 8 | E16: 12 | F16: 46279 | G16: DONE | H16: 46013 | I16: DONE | J16: 46273 | K16: DONE | L16: 46279 | M16: DONE | N16: 46274 | O16: DONE | P16: 46280 | Q16: DONE | R16: 46273 | T16: 46273 | V16: 46280 | W16: DONE | X16: 46274 | Y16: DONE | Z16: 46280 | AA16: DONE | AB16: 46301 | AC16: DONE | AD16: 46273 | AF16: 46282 | AG16: DONE | AH16: 46281 | AI16: DONE | AJ16: 46273
A17: Q0575 | B17: Jacky Chan Nava Gastardo | C17: DFWH | D17: 2 | E17: 16 | F17: 46312 | G17: DONE | H17: 46242 | I17: DONE | J17: 46162 | K17: DONE | L17: 46288 | M17: DONE | N17: 46273 | O17: DONE | P17: 45859 | Q17: DONE | R17: 46187 | S17: DONE | T17: 46168 | U17: DONE | V17: 46288 | W17: DONE | X17: 46168 | Y17: DONE | Z17: 46288 | AA17: DONE | AB17: 46301 | AC17: DONE | AD17: 46312 | AE17: DONE | AF17: 45579 | AG17: DONE | AH17: 46313 | AI17: DONE | AJ17: 46243 | AK17: DONE | AM17: NOT DONE | AN17: 46188 | AO17: DONE
A18: Q0582 | B18: Mohomed Minnas Mohomed Ramees | C18: CBF-AVI | D18: 17 | E18: 1 | G18: NOT DONE | I18: NOT DONE | K18: NOT DONE | M18: NOT DONE | O18: NOT DONE | Q18: NOT DONE | S18: NOT DONE | U18: NOT DONE | W18: NOT DONE | Y18: NOT DONE | AA18: NOT DONE | AB18: 45923 | AC18: DONE | AE18: NOT DONE | AG18: NOT DONE | AI18: NOT DONE | AK18: NOT DONE | AM18: NOT DONE | AO18: NOT DONE
A19: Q0576 | B19: Mohammed Fahim Mohammed Laffir | C19: CBF-AVI | D19: 17 | E19: 1 | G19: NOT DONE | I19: NOT DONE | K19: NOT DONE | M19: NOT DONE | O19: NOT DONE | Q19: NOT DONE | S19: NOT DONE | U19: NOT DONE | W19: NOT DONE | Y19: NOT DONE | AA19: NOT DONE | AB19: 45923 | AC19: DONE | AE19: NOT DONE | AG19: NOT DONE | AI19: NOT DONE | AK19: NOT DONE | AM19: NOT DONE | AO19: NOT DONE
A20: Q0610 | B20: Nelson Jr Ybut Sancho | C20: DFWH | D20: 0 | E20: 16 | F20: 45874 | G20: DONE | H20: 45874 | I20: DONE | J20: 45861 | K20: DONE | L20: 45873 | M20: DONE | N20: 45878 | O20: DONE | P20: 45875 | Q20: DONE | R20: 45861 | S20: DONE | T20: 45874 | U20: DONE | V20: 45873 | W20: DONE | X20: 45876 | Y20: DONE | Z20: 45861 | AA20: DONE | AB20: 46299 | AC20: DONE | AD20: 45873 | AE20: DONE | AF20: 45874 | AG20: DONE | AH20: 45876 | AI20: DONE | AJ20: 45875 | AK20: DONE | AL20: 45873 | AM20: DONE | AN20: 45876 | AO20: DONE
A21: Q0618 | B21: Joe Peter Angustia Pimentel | C21: DFWH | D21: 2 | E21: 14 | F21: 45960 | G21: DONE | H21: 45964 | I21: DONE | J21: 45956 | K21: DONE | L21: 45957 | M21: DONE | N21: 45964 | O21: DONE | P21: 45958 | Q21: DONE | R21: 45957 | S21: DONE | T21: 45957 | U21: DONE | V21: 45958 | W21: DONE | X21: 46300 | Y21: DONE | Z21: 46029 | AA21: DONE | AB21: 45995 | AC21: DONE | AD21: 46029 | AE21: DONE | AG21: NOT DONE | AH21: 45959 | AI21: DONE | AK21: NOT DONE | AL21: 45953 | AM21: DONE | AN21: 46028 | AO21: DONE
D22: 18 | E22: 0 | G22: NOT DONE | I22: NOT DONE | K22: NOT DONE | M22: NOT DONE | O22: NOT DONE | Q22: NOT DONE | S22: NOT DONE | U22: NOT DONE | W22: NOT DONE | Y22: NOT DONE | AA22: NOT DONE | AC22: NOT DONE | AE22: NOT DONE | AG22: NOT DONE | AI22: NOT DONE | AK22: NOT DONE | AM22: NOT DONE | AO22: NOT DONE
D23: 18 | E23: 0 | G23: NOT DONE | I23: NOT DONE | K23: NOT DONE | M23: NOT DONE | O23: NOT DONE | Q23: NOT DONE | S23: NOT DONE | U23: NOT DONE | W23: NOT DONE | Y23: NOT DONE | AA23: NOT DONE | AC23: NOT DONE | AE23: NOT DONE | AG23: NOT DONE | AI23: NOT DONE | AK23: NOT DONE | AM23: NOT DONE | AO23: NOT DONE
D24: 18 | E24: 0 | G24: NOT DONE | I24: NOT DONE | K24: NOT DONE | M24: NOT DONE | O24: NOT DONE | Q24: NOT DONE | S24: NOT DONE | U24: NOT DONE | W24: NOT DONE | Y24: NOT DONE | AA24: NOT DONE | AC24: NOT DONE | AE24: NOT DONE | AG24: NOT DONE | AI24: NOT DONE | AK24: NOT DONE | AM24: NOT DONE | AO24: NOT DONE
D25: 18 | E25: 0 | G25: NOT DONE | I25: NOT DONE | K25: NOT DONE | M25: NOT DONE | O25: NOT DONE | Q25: NOT DONE | S25: NOT DONE | U25: NOT DONE | W25: NOT DONE | Y25: NOT DONE | AA25: NOT DONE | AC25: NOT DONE | AE25: NOT DONE | AG25: NOT DONE | AI25: NOT DONE | AK25: NOT DONE | AM25: NOT DONE | AO25: NOT DONE

Sheet AMH Trainings
A1: Emp. No. | B1: Employee Name | C1: TEAM | D1: Count Of Trainings From June | E1: Count Of Trainings | F1: Date | G1: Safety Circuits and Controls | H1: Date | I1: Storage Retrieval Machine | J1: Date | K1: Flintec Weight Scale | L1: Date | M1: Chain and Roller conveyors | N1: Date | O1: Sorting Transfer Vehicle | P1: Date | Q1: AGC-MOS | R1: Date | S1: Logimat | T1: Date | U1: Warehouse Management(SOP) | V1: Date | W1: Bin Transport System | X1: Date | Y1: Electronic Hydraulic Press | Z1: Date | AA1: DEMAG JIB Crane Manual | AB1: Date | AC1: Foam Packing Machine
A2: Q0041 | B2: Destiny Emmanuel | C2: AMH | D2: 12 | E2: 0 | G2: NOT DONE | I2: NOT DONE | K2: NOT DONE | M2: NOT DONE | O2: NOT DONE | Q2: NOT DONE | S2: NOT DONE | U2: NOT DONE | W2: NOT DONE | Y2: NOT DONE | AA2: NOT DONE | AC2: NOT DONE
A3: Q0068 | B3: Ericson Murcillos Victorino | C3: AMH | D3: 12 | E3: 1 | G3: NOT DONE | I3: NOT DONE | K3: NOT DONE | L3: 45718 | M3: DONE | O3: NOT DONE | Q3: NOT DONE | S3: NOT DONE | U3: NOT DONE | W3: NOT DONE | Y3: NOT DONE | AA3: NOT DONE | AC3: NOT DONE
A4: Q0279 | B4: Manuel Jr. Esplago Feniza | C4: AMH | D4: 6 | E4: 9 | F4: 45834 | G4: DONE | H4: 46285 | I4: DONE | K4: NOT DONE | L4: 45622 | M4: DONE | N4: 45922 | O4: DONE | Q4: NOT DONE | R4: 45610 | S4: DONE | U4: NOT DONE | V4: 45680 | W4: DONE | X4: 45864 | Y4: DONE | Z4: 45922 | AA4: DONE | AB4: 45922 | AC4: DONE
A5: Q0282 | B5: Haren Del Campo | C5: AMH | D5: 6 | E5: 9 | F5: 45825 | G5: DONE | H5: 46285 | I5: DONE | K5: NOT DONE | L5: 45930 | M5: DONE | N5: 45774 | O5: DONE | Q5: NOT DONE | R5: 45610 | S5: DONE | U5: NOT DONE | V5: 45774 | W5: DONE | X5: 45913 | Y5: DONE | Z5: 45913 | AA5: DONE | AB5: 45913 | AC5: DONE
A6: Q0157 | B6: Edwin Balakid Tegli | C6: Resigned | D6: 10 | E6: 5 | F6: 45825 | G6: DONE | H6: 45565 | I6: DONE | K6: NOT DONE | L6: 45622 | M6: DONE | O6: NOT DONE | Q6: NOT DONE | R6: 45610 | S6: DONE | U6: NOT DONE | W6: NOT DONE | X6: 45859 | Y6: DONE | AA6: NOT DONE | AC6: NOT DONE
A7: Q0403 | B7: Marlon Rodel Fracisco Pimentel | C7: AMH | D7: 6 | E7: 9 | F7: 45832 | G7: DONE | H7: 46291 | I7: DONE | K7: NOT DONE | L7: 45635 | M7: DONE | N7: 45913 | O7: DONE | Q7: NOT DONE | R7: 45610 | S7: DONE | U7: NOT DONE | V7: 45809 | W7: DONE | X7: 45857 | Y7: DONE | Z7: 45913 | AA7: DONE | AB7: 45913 | AC7: DONE
A8: Q0446 | B8: Mario Dorado Hernandez | C8: CBF-AVI | D8: 14 | G8: NOT DONE | H8: 46306 | I8: DONE | K8: NOT DONE | L8: 46309 | M8: DONE | N8: 46306 | O8: DONE | R8: 46309 | S8: DONE
A9: Q0459 | B9: Jose Isagani Jr. Jamero Alaan | C9: AMH | D9: 6 | E9: 9 | F9: 45854 | G9: DONE | H9: 46275 | I9: DONE | K9: NOT DONE | L9: 46275 | M9: DONE | N9: 45669 | O9: DONE | Q9: NOT DONE | R9: 45610 | S9: DONE | U9: NOT DONE | V9: 45781 | W9: DONE | X9: 45857 | Y9: DONE | Z9: 45914 | AA9: DONE | AB9: 45914 | AC9: DONE
A10: Q0478 | B10: Paul Jeric Azul Falcatan | C10: AMH | D10: 5 | E10: 9 | F10: 45825 | G10: DONE | H10: 46275 | I10: DONE | K10: NOT DONE | L10: 46275 | M10: DONE | N10: 46217 | O10: DONE | Q10: NOT DONE | R10: 45610 | S10: DONE | U10: NOT DONE | V10: 45680 | W10: DONE | X10: 45859 | Y10: DONE | Z10: 45913 | AA10: DONE | AB10: 45913 | AC10: DONE
A11: Q0482 | B11: Jimmy Mallari Dela Cruz | C11: AMH | D11: 5 | E11: 9 | F11: 45834 | G11: DONE | H11: 46275 | I11: DONE | K11: NOT DONE | L11: 45916 | M11: DONE | N11: 45914 | O11: DONE | Q11: NOT DONE | R11: 45610 | S11: DONE | U11: NOT DONE | V11: 45784 | W11: DONE | X11: 45857 | Y11: DONE | Z11: 45914 | AA11: DONE | AB11: 45914 | AC11: DONE
A12: Q0492 | B12: Levitico Jose Caniedo | C12: AMH | D12: 12 | E12: 5 | F12: 45665 | G12: DONE | H12: 45565 | I12: DONE | K12: NOT DONE | L12: 45622 | M12: DONE | N12: 45669 | O12: DONE | Q12: NOT DONE | R12: 45610 | S12: DONE | U12: NOT DONE | W12: NOT DONE | Y12: NOT DONE | AA12: NOT DONE | AC12: NOT DONE
A13: Q0505 | B13: Edison Mendoza Rojas | C13: Resigned | D13: 7 | E13: 9 | F13: 45825 | G13: DONE | H13: 45787 | I13: DONE | K13: NOT DONE | L13: 45762 | M13: DONE | N13: 45827 | O13: DONE | Q13: NOT DONE | R13: 45788 | S13: DONE | V13: 45865 | W13: DONE | X13: 45839 | Y13: DONE | Z13: 45888 | AA13: DONE | AB13: 45888 | AC13: DONE
A14: Q0544 | B14: Jerico Tallorin Atienzo | C14: AMH | D14: 5 | E14: 9 | F14: 45834 | G14: DONE | H14: 46275 | I14: DONE | K14: NOT DONE | L14: 45916 | M14: DONE | N14: 45914 | O14: DONE | Q14: NOT DONE | R14: 45610 | S14: DONE | U14: NOT DONE | V14: 45680 | W14: DONE | X14: 45857 | Y14: DONE | Z14: 45914 | AA14: DONE | AB14: 45914 | AC14: DONE
A15: Q0548 | B15: Jayson Ruz Oligan | C15: AMH | D15: 7 | E15: 9 | F15: 45832 | G15: DONE | H15: 46285 | I15: DONE | K15: NOT DONE | L15: 45635 | M15: DONE | N15: 45775 | O15: DONE | Q15: NOT DONE | R15: 45610 | S15: DONE | U15: NOT DONE | V15: 45775 | W15: DONE | X15: 45857 | Y15: DONE | Z15: 45922 | AA15: DONE | AB15: 45922 | AC15: DONE
A16: Q0579 | B16: Pathmapriyan Muruguppilla | C16: AMH | D16: 8 | E16: 10 | F16: 45825 | G16: DONE | H16: 45599 | I16: DONE | K16: NOT DONE | L16: 45591 | M16: DONE | N16: 45774 | O16: DONE | P16: 45586 | Q16: DONE | R16: 45610 | S16: DONE | U16: NOT DONE | V16: 45774 | W16: DONE | X16: 45864 | Y16: DONE | Z16: 45913 | AA16: DONE | AB16: 45913 | AC16: DONE
A17: Q0583 | B17: Mabin Pauly | C17: AMH | D17: 12 | E17: 8 | F17: 45665 | G17: DONE | H17: 45551 | I17: DONE | K17: NOT DONE | L17: 45718 | M17: DONE | N17: 45669 | O17: DONE | P17: 45581 | Q17: DONE | R17: 45610 | S17: DONE | T17: 45581 | U17: DONE | V17: 45781 | W17: DONE | Y17: NOT DONE | AA17: NOT DONE | AC17: NOT DONE
A18: Q0585 | B18: Wai Hin Phyo | C18: AMH | D18: 6 | E18: 10 | F18: 45832 | G18: DONE | H18: 45718 | I18: DONE | K18: NOT DONE | L18: 45719 | M18: DONE | N18: 45930 | O18: DONE | P18: 45693 | Q18: DONE | R18: 45817 | S18: DONE | U18: NOT DONE | V18: 45830 | W18: DONE | X18: 45857 | Y18: DONE | Z18: 45875 | AA18: DONE | AB18: 45873 | AC18: DONE
A19: Q0596 | B19: Arvin Clyde D.Crisme | C19: AMH | D19: 7 | E19: 6 | F19: 45952 | G19: DONE | H19: 45981 | I19: DONE | L19: 45978 | M19: DONE | N19: 45980 | O19: DONE | Q19: NOT DONE | R19: 45981 | S19: DONE | U19: NOT DONE | V19: 45979 | W19: DONE | Y19: NOT DONE | AA19: NOT DONE | AC19: NOT DONE
A20: Q0607 | B20: Lester John Fuentes Monter | C20: AMH | D20: 2 | E20: 10 | F20: 45871 | G20: DONE | H20: 45861 | I20: DONE | K20: NOT DONE | L20: 45862 | M20: DONE | N20: 45862 | O20: DONE | Q20: NOT DONE | R20: 45865 | S20: DONE | T20: 45895 | U20: DONE | V20: 45865 | W20: DONE | X20: 45862 | Y20: DONE | Z20: 45862 | AA20: DONE | AB20: 45873 | AC20: DONE
A21: Q0609 | B21: Kim Harvey Cuevas Ayag | C21: AMH | D21: 2 | E21: 10 | F21: 45871 | G21: DONE | H21: 45861 | I21: DONE | K21: NOT DONE | L21: 45862 | M21: DONE | N21: 45862 | O21: DONE | Q21: NOT DONE | R21: 45865 | S21: DONE | T21: 45895 | U21: DONE | V21: 45865 | W21: DONE | X21: 45862 | Y21: DONE | Z21: 45862 | AA21: DONE | AB21: 45873 | AC21: DONE
A22: Q0614 | B22: Lorence Cardenas Cabales | C22: AMH | D22: 3 | E22: 9 | G22: NOT DONE | H22: 45953 | I22: DONE | J22: 45965 | K22: DONE | L22: 45950 | M22: DONE | N22: 45953 | O22: DONE | Q22: NOT DONE | R22: 45953 | S22: DONE | U22: NOT DONE | V22: 45950 | W22: DONE | X22: 45950 | Y22: DONE | Z22: 45950 | AA22: DONE | AB22: 45950 | AC22: DONE
A23: Q0631 | B23: Kennedy Gichuhi Ngaruiya | C23: AMH | D23: 9 | E23: 3 | G23: NOT DONE | H23: 46315 | I23: DONE | K23: NOT DONE | L23: 46320 | M23: DONE | N23: 46320 | O23: DONE | Q23: NOT DONE | S23: NOT DONE | U23: NOT DONE | W23: NOT DONE | Y23: NOT DONE | AA23: NOT DONE | AC23: NOT DONE
A177: -
A178: -
A179: -
A180: -

Sheet QNL Trainings
A1: Emp. No. | B1: Employee Name | C1: TEAM | D1: Count Of Trainings | E1: Date | F1: Curve Roller | G1: Date | H1: Belt Conveyor | I1: Date | J1: Channelizer | K1: Date | L1: Belt Conveyor With RFID | M1: Date | N1: Sliding_Door | O1: Date | P1: Sandwich_Conveyor | Q1: Date | R1: Sorting_Module | S1: Date | T1: Media_Return_Terminal | U1: Date | V1: Sorter_Module | W1: Date | X1: Reshelving Cart | Y1: Date | Z1: Library Bin | AA1: Date | AB1: Checkout Station | AC1: Date | AD1: Docking Station2 | AE1: Date | AF1: Docking Station | AG1: Date | AH1: RFID Security Gates | AI1: Date | AJ1: LIFTER | AK1: Date | AL1: Staff Station
A2: Q0370 | B2: Willie Facun Adi | C2: QNL | D2: 8 | F2: NOT DONE | H2: NOT DONE | J2: NOT DONE | L2: NOT DONE | N2: NOT DONE | P2: NOT DONE | R2: NOT DONE | T2: NOT DONE | V2: NOT DONE | X2: NOT DONE | Z2: NOT DONE | AB2: NOT DONE | AD2: NOT DONE | AF2: NOT DONE | AH2: NOT DONE | AJ2: NOT DONE | AL2: NOT DONE
A3: Q0393 | B3: John Errol Para Marino | C3: QNL | D3: 0 | E3: 45867 | F3: DONE | G3: 45866 | H3: DONE | I3: 45867 | J3: DONE | K3: 45866 | L3: DONE | M3: 45972 | N3: DONE | O3: 45972 | P3: DONE | Q3: 45972 | R3: DONE | S3: 45973 | T3: DONE | U3: 46021 | V3: DONE | X3: NOT DONE | Z3: NOT DONE | AB3: NOT DONE | AD3: NOT DONE | AF3: NOT DONE | AH3: NOT DONE | AJ3: NOT DONE | AL3: NOT DONE
A4: Q0424 | B4: Ernesto JR Leona Campana | C4: QNL | D4: 8 | F4: NOT DONE | H4: NOT DONE | J4: NOT DONE | L4: NOT DONE | N4: NOT DONE | P4: NOT DONE | R4: NOT DONE | T4: NOT DONE | V4: NOT DONE | X4: NOT DONE | Z4: NOT DONE | AB4: NOT DONE | AD4: NOT DONE | AF4: NOT DONE | AH4: NOT DONE | AJ4: NOT DONE | AL4: NOT DONE
A5: Q0433 | B5: Alvin Quizon Tabasa | C5: QNL | D5: 8 | F5: NOT DONE | H5: NOT DONE | J5: NOT DONE | L5: NOT DONE | N5: NOT DONE | P5: NOT DONE | R5: NOT DONE | T5: NOT DONE | V5: NOT DONE | X5: NOT DONE | Z5: NOT DONE | AB5: NOT DONE | AD5: NOT DONE | AF5: NOT DONE | AH5: NOT DONE | AJ5: NOT DONE | AL5: NOT DONE
A6: Q0488 | B6: Jay Tucker Mendoza | C6: QNL | D6: 4 | E6: 45867 | F6: DONE | G6: 45866 | H6: DONE | I6: 45867 | J6: DONE | K6: 45866 | L6: DONE | N6: NOT DONE | P6: NOT DONE | R6: NOT DONE | T6: NOT DONE | U6: 46021 | V6: DONE | X6: NOT DONE | Z6: NOT DONE | AB6: NOT DONE | AD6: NOT DONE | AF6: NOT DONE | AH6: NOT DONE | AJ6: NOT DONE | AL6: NOT DONE
A7: Q0546 | B7: James Andrew Aquino Rodillo | C7: QNL | D7: 1 | F7: NOT DONE | G7: 45832 | H7: DONE | I7: 45833 | J7: DONE | L7: NOT DONE | M7: 45971 | N7: DONE | O7: 45971 | P7: DONE | Q7: 45972 | R7: DONE | S7: 45972 | T7: DONE | U7: 46197 | V7: DONE | W7: 46252 | X7: DONE | Y7: 46252 | Z7: DONE | AA7: 46252 | AB7: DONE | AC7: 46252 | AD7: DONE | AE7: 46238 | AF7: DONE | AG7: 46314 | AH7: DONE | AJ7: NOT DONE | AK7: 46314 | AL7: DONE
A8: Q0550 | B8: Lemuel Carcellar Macatangay | C8: QNL | D8: 8 | F8: NOT DONE | H8: NOT DONE | J8: NOT DONE | L8: NOT DONE | N8: NOT DONE | P8: NOT DONE | R8: NOT DONE | T8: NOT DONE | V8: NOT DONE | X8: NOT DONE | Z8: NOT DONE | AB8: NOT DONE | AD8: NOT DONE | AF8: NOT DONE | AH8: NOT DONE | AJ8: NOT DONE | AL8: NOT DONE
A9: Q0554 | B9: Jake Alinabon Salibay | C9: QNL | D9: 8 | F9: NOT DONE | H9: NOT DONE | J9: NOT DONE | L9: NOT DONE | N9: NOT DONE | P9: NOT DONE | R9: NOT DONE | T9: NOT DONE | V9: NOT DONE | X9: NOT DONE | Z9: NOT DONE | AB9: NOT DONE | AD9: NOT DONE | AF9: NOT DONE | AH9: NOT DONE | AJ9: NOT DONE | AL9: NOT DONE
A10: Q0555 | B10: Marlon Yuson Pamplona | C10: QNL | D10: 1 | F10: NOT DONE | G10: 45832 | H10: DONE | I10: 45833 | J10: DONE | L10: NOT DONE | M10: 45972 | N10: DONE | O10: 45972 | P10: DONE | Q10: 45972 | R10: DONE | S10: 45973 | T10: DONE | U10: 46197 | V10: DONE | X10: NOT DONE | Z10: NOT DONE | AB10: NOT DONE | AD10: NOT DONE | AF10: NOT DONE | AH10: NOT DONE | AJ10: NOT DONE | AL10: NOT DONE
A11: Q0556 | B11: Joe Vergil Jr Calanza Dormitorio | C11: QNL | D11: 0 | E11: 45866 | F11: DONE | G11: 45866 | H11: DONE | I11: 45866 | J11: DONE | K11: 45866 | L11: DONE | M11: 45971 | N11: DONE | O11: 45971 | P11: DONE | Q11: 45972 | R11: DONE | S11: 45972 | T11: DONE | U11: 46197 | V11: DONE | W11: 46225 | X11: DONE | Y11: 46225 | Z11: DONE | AA11: 46225 | AB11: DONE | AD11: NOT DONE | AE11: 46239 | AF11: DONE | AG11: 46314 | AH11: DONE | AI11: 46239 | AJ11: DONE | AK11: 46314 | AL11: DONE
A12: Q0617 | B12: Jeffrey De Vera Cabico | C12: QNL | D12: 2 | E12: 46150 | F12: DONE | G12: 46156 | H12: DONE | I12: 46150 | J12: DONE | K12: 46156 | L12: DONE | M12: 46150 | N12: DONE | O12: 46197 | P12: DONE | R12: NOT DONE | S12: 46197 | T12: DONE | V12: NOT DONE | W12: 46252 | X12: DONE | Y12: 46252 | Z12: DONE | AB12: NOT DONE | AC12: 46218 | AD12: DONE | AE12: 46218 | AF12: DONE | AG12: 46218 | AH12: DONE | AJ12: NOT DONE | AK12: 46314 | AL12: DONE
A13: Q0619 | B13: Mark Roentgen Macatangay Delen | C13: QNL | D13: 2 | E13: 46211 | F13: DONE | G13: 46210 | H13: DONE | I13: 46211 | J13: DONE | K13: 46210 | L13: DONE | M13: 46224 | N13: DONE | P13: NOT DONE | Q13: 46224 | R13: DONE | T13: NOT DONE | U13: 46224 | V13: DONE | W13: 46225 | X13: DONE | Y13: 46225 | Z13: DONE | AA13: 46225 | AB13: DONE | AD13: NOT DONE | AE13: 46238 | AF13: DONE | AG13: 46314 | AH13: DONE | AJ13: NOT DONE | AK13: 46314 | AL13: DONE
F14: NOT DONE | H14: NOT DONE | J14: NOT DONE | L14: NOT DONE | N14: NOT DONE | P14: NOT DONE | R14: NOT DONE | T14: NOT DONE | V14: NOT DONE | X14: NOT DONE | Z14: NOT DONE | AB14: NOT DONE | AD14: NOT DONE | AF14: NOT DONE | AH14: NOT DONE | AJ14: NOT DONE | AL14: NOT DONE
F15: NOT DONE | H15: NOT DONE | J15: NOT DONE | L15: NOT DONE | N15: NOT DONE | P15: NOT DONE | R15: NOT DONE | T15: NOT DONE | V15: NOT DONE | X15: NOT DONE | Z15: NOT DONE | AB15: NOT DONE | AD15: NOT DONE | AF15: NOT DONE | AH15: NOT DONE | AJ15: NOT DONE | AL15: NOT DONE
F16: NOT DONE | H16: NOT DONE | J16: NOT DONE | L16: NOT DONE | N16: NOT DONE | P16: NOT DONE | R16: NOT DONE | T16: NOT DONE | V16: NOT DONE | X16: NOT DONE | Z16: NOT DONE | AB16: NOT DONE | AD16: NOT DONE | AF16: NOT DONE | AH16: NOT DONE | AJ16: NOT DONE | AL16: NOT DONE
F17: NOT DONE | H17: NOT DONE | J17: NOT DONE | L17: NOT DONE | N17: NOT DONE | P17: NOT DONE | R17: NOT DONE | T17: NOT DONE | V17: NOT DONE | X17: NOT DONE | Z17: NOT DONE | AB17: NOT DONE | AD17: NOT DONE | AF17: NOT DONE | AH17: NOT DONE | AJ17: NOT DONE | AL17: NOT DONE
F18: NOT DONE | H18: NOT DONE | J18: NOT DONE | L18: NOT DONE | N18: NOT DONE | P18: NOT DONE | R18: NOT DONE | T18: NOT DONE | V18: NOT DONE | X18: NOT DONE | Z18: NOT DONE | AB18: NOT DONE | AD18: NOT DONE | AF18: NOT DONE | AH18: NOT DONE | AJ18: NOT DONE | AL18: NOT DONE
F19: NOT DONE | H19: NOT DONE | J19: NOT DONE | L19: NOT DONE | N19: NOT DONE | P19: NOT DONE | R19: NOT DONE | T19: NOT DONE | V19: NOT DONE | X19: NOT DONE | Z19: NOT DONE | AB19: NOT DONE | AD19: NOT DONE | AF19: NOT DONE | AH19: NOT DONE | AJ19: NOT DONE | AL19: NOT DONE
F20: NOT DONE | H20: NOT DONE | J20: NOT DONE | L20: NOT DONE | N20: NOT DONE | P20: NOT DONE | R20: NOT DONE | T20: NOT DONE | V20: NOT DONE | X20: NOT DONE | Z20: NOT DONE | AB20: NOT DONE | AD20: NOT DONE | AF20: NOT DONE | AH20: NOT DONE | AJ20: NOT DONE | AL20: NOT DONE
F21: NOT DONE | H21: NOT DONE | J21: NOT DONE | L21: NOT DONE | N21: NOT DONE | P21: NOT DONE | R21: NOT DONE | T21: NOT DONE | V21: NOT DONE | X21: NOT DONE | Z21: NOT DONE | AB21: NOT DONE | AD21: NOT DONE | AF21: NOT DONE | AH21: NOT DONE | AJ21: NOT DONE | AL21: NOT DONE

Sheet CBF Trainings
A1: Emp. No. | B1: Employee Name | C1: TEAM | D1: Count Of Trainings From June | E1: Count Of Trainings | F1: Date | G1: 22R1 Reefer Container | H1: Date | I1: Truck Dock 15FT | J1: Date | K1: Powered Roller Deck- | L1: Date | M1: Tilting Deck2 | N1: Date | O1: Castor Roller Deck | P1: Date | Q1: WEIGHING SCALE | R1: Date | S1: AVI Equipment
A2: Q0274 | B2: Renato Dimalanta Canlas | C2: DFWH | D2: 7 | E2: 0 | F2: 46267 | G2: DONE | H2: 46267 | I2: DONE | J2: 46267 | K2: DONE | L2: 46267 | M2: DONE | N2: 46268 | O2: DONE | P2: 46268 | Q2: DONE | R2: 46268 | S2: DONE
A3: Q0275 | B3: Ruben Dela Cruz Malabo | C3: DFWH | D3: 7 | E3: 0 | F3: 46182 | G3: DONE | H3: 46180 | I3: DONE | J3: 46181 | K3: DONE | L3: 46181 | M3: DONE | N3: 46182 | O3: DONE | P3: 46181 | Q3: DONE | R3: 46180 | S3: DONE
A4: Q0430 | B4: Elesor JR Cas Frondozo | C4: CBF-AVI | D4: 7 | E4: 3 | F4: 46267 | G4: DONE | H4: 45582 | I4: DONE | J4: 46231 | K4: DONE | L4: 46225 | M4: DONE | N4: 45594 | O4: DONE | P4: 46231 | Q4: DONE | R4: 45595 | S4: DONE
A5: Q0446 | B5: Mario Dorado Hernandez | C5: CBF-AVI | D5: 7 | E5: 0 | F5: 46223 | G5: DONE | H5: 46223 | I5: DONE | J5: 46321 | K5: DONE | L5: 46322 | M5: DONE | N5: 46239 | O5: DONE | P5: 46321 | Q5: DONE | R5: 46322 | S5: DONE
A6: Q0499 | B6: Nino Vercide Arda | C6: DFWH | D6: 7 | E6: 0 | F6: 45958 | G6: DONE | H6: 45957 | I6: DONE | J6: 45957 | K6: DONE | L6: 45958 | M6: DONE | N6: 45959 | O6: DONE | P6: 45959 | Q6: DONE | R6: 45956 | S6: DONE
A7: Q0525 | B7: James Kariungi Muthee | C7: CBF-AVI | D7: 7 | E7: 0 | F7: 46223 | G7: DONE | H7: 46223 | I7: DONE | J7: 46321 | K7: DONE | L7: 46225 | M7: DONE | N7: 46322 | O7: DONE | P7: 46321 | Q7: DONE | R7: 46322 | S7: DONE
A8: Q0530 | B8: Erick Omondi Okoyo | C8: CBF-AVI | D8: 7 | E8: 7 | F8: 45587 | G8: DONE | H8: 45582 | I8: DONE | J8: 45586 | K8: DONE | L8: 45586 | M8: DONE | N8: 45588 | O8: DONE | P8: 45589 | Q8: DONE | R8: 45585 | S8: DONE
A9: Q0542 | B9: Hernan John Baguion Murcillos | C9: CBF-AVI | D9: 7 | E9: 1 | F9: 45622 | G9: DONE | H9: 46238 | I9: DONE | J9: 46238 | K9: DONE | L9: 45930 | M9: DONE | N9: 45950 | O9: DONE | P9: 46251 | Q9: DONE | R9: 46251 | S9: DONE
A10: Q0582 | B10: Mohomed Minnas Mohomed Ramees | C10: CBF-AVI | D10: 7 | E10: 0 | F10: 46223 | G10: DONE | H10: 46223 | I10: DONE | J10: 46231 | K10: DONE | L10: 46225 | M10: DONE | N10: 46231 | O10: DONE | P10: 46231 | Q10: DONE | R10: 46238 | S10: DONE
A11: Q0576 | B11: Mohammed Fahim Mohammed Laffir | C11: CBF-AVI | D11: 7 | E11: 2 | F11: 45607 | G11: DONE | H11: 46145 | I11: DONE | J11: 45945 | K11: DONE | L11: 46181 | M11: DONE | N11: 45945 | O11: DONE | P11: 46182 | Q11: DONE | R11: 45630 | S11: DONE

Sheet SOPs
A1: Emp. No. | B1: Employee Name | C1: TEAM | D1: Count Of Expiring Trainings | E1: DATE | F1: Lodige LOTO Procedure | G1: DATE | H1: Equipment Operation Procedure (SOP-031) | I1: DATE | J1: Equipment Request &handover procedure(SOP-028) | K1: DATE | L1: STACKER CRANE AISLE MONTHLY PREVENTIVE MAINTENANCE | M1: DATE | N1: Endangered by Electricity A safety Training | O1: DATE | P1: Access Card(HIAAVSECT-TBT-019) | Q1: DATE | R1: STV AISLE ACCESS PROCEDURE | S1: DATE | T1: STACKER CRANE 01-04 & 05 -10 AISLE ACCESS PROCEDURE | U1: DATE | V1: Incident Escalation Process(LSME-IMS-SOP-021 ) | W1: DATE | X1: Misaligned Pallet-ULD Recovery Procedure | Y1: DATE | Z1: Contigency Plan During Heavy Rainfall | AA1: DATE | AB1: Procedure For Handling New or Unfamilliar Task | AC1: DATE | AD1: Replacement Procedure Of ASI Gateway | AE1: DATE | AF1: Replacement Procedure Of Y Axis Frequency Inverter -Stacker Crane | AG1: DATE | AH1: Stacker Crane Aisle Annual Maintenance And Megger Test Procedure | AI1: DATE | AJ1: Equipment Operation Procedure(QDF-SOP-003) | AK1: DATE | AL1: Weight Scale Verification Procedure(LSME-IMS-SOP-023 ) | AM1: DATE | AN1: Replacement of Stacker Crane Driven Wheel | AO1: DATE | AP1: Replacement of Stacker Crane Fork Flyer Chain | AQ1: DATE | AR1: Replacement of Stacker Crane Wire Rope | AS1: DATE | AT1: POWERED ROLLER DECK(matarSOP) | AU1: DATE | AV1: NON POWERED ROLLER DECK(matarSOP) | AW1: DATE | AX1: Procedure For Warm & Cold Booting of The HandHeld Scanner | AY1: DATE | AZ1: ASRS Stacker Crane Aisle Access Procedure | BA1: DATE | BB1: Replacing Bearings Of ULD Hoist Counterweight Pulley | BC1: DATE | BD1: Overload and Load Testing Procedure In ULD Hoist | BE1: DATE | BF1: AMH Sorting Transfer Vehicle Software Recovery Procedure | BG1: DATE | BH1: Troubleshooting Device Net Error On SRM Machine | BI1: DATE | BJ1: STV & SRMSensor Replacement Procedure | BK1: DATE | BL1: Replacing STV Power Feed Rail Unit Procedure | BM1: DATE | BN1: Clearing Data ,Log Acquisitions On ASRS Machine and savings. | BO1: DATE | BP1: SRM Waterflooding Recovery | BQ1: DATE | BR1: SRM Laser Distance Meter Adjustment | BS1: DATE | BT1: ASI- I 3.0 Profibus Gateway Configurations | BU1: DATE | BV1: Equipment Request & Handover Procedure(AMH) | BW1: DATE | BX1: Storage Retrieval Machine Software Recovery Procedure | BY1: DATE | BZ1: ASRS Operation Recovery Procedure | CA1: DATE | CB1: Storage Retrieval Machine Software Recovery Procedure | CC1: DATE | CD1: Sorting Transfer Vehicle Operation | CE1: DATE | CF1: AMH FT-12 Basic Calibration Setup | CG1: DATE | CH1: AMH Conveyors Operation | CI1: DATE | CJ1: ULD Hoist Drve Motor Replacement | CK1: Date | CL1: Logimat Vertical Manual Operation | CM1: Date | CN1: EOP For ULD System Failure | CO1: Date | CP1: EOP For CS System Failure | CQ1: Date | CR1: EOP For Cold Storage System due to Equipment Failure | CS1: Date | CT1: AMH Emergency Response Plan | CU1: DATE | CV1: Matar LOTO Procedure | CW1: DATE | CX1: Equipment Teaching Procedure | CY1: Date | CZ1: 20FT Floor Scale Weight Discrepancy Troubleshooting Guide | DA1: Date | DB1: UPNL and EDS Shutdown Procedure | DC1: Date | DD1: Chiller Room Door Teaching Procedure For Door Control Panel Ts 981 | DE1: Date | DF1: Procedure For Using Thermal Imager | DG1: Date | DH1: RCD Testing | DI1: Date | DJ1: VNA Truck Emergency Lowering Procedure | DK1: Date | DL1: Consigment Hoist Wire Rope Cleaning & Lubrication | DM1: Date | DN1: Replacing the ULD Bowex Clutch | DO1: Date | DP1: Using Vibration Meter | DQ1: Date | DR1: PM Of CS H9 TV | DS1: Date | DT1: Build & Break Aisle Annual Maintenance & Megger Test Procedure | DU1: Date | DV1: ASRS Stacker Crane Preventive Maintenance | DW1: Date | DX1: Replacement Procedure Of The ULD Hoist VFD
A2: G0010 | B2: Norbert Mueller | C2: MM office | D2: 51 | F2: NOT DONE | H2: NOT DONE | J2: NOT DONE | L2: NOT DONE | M2: 45497 | N2: DONE | P2: NOT DONE | R2: NOT DONE | T2: NOT DONE | V2: NOT DONE | X2: NOT DONE | Z2: NOT DONE | AB2: NOT DONE | AD2: NOT DONE | AF2: NOT DONE | AH2: NOT DONE | AJ2: NOT DONE | AL2: NOT DONE | AN2: NOT DONE | AP2: NOT DONE | AR2: NOT DONE | AT2: NOT DONE | AV2: NOT DONE | AX2: NOT DONE | AZ2: NOT DONE | BB2: NOT DONE | BD2: NOT DONE | BF2: NOT DONE | BH2: NOT DONE | BJ2: NOT DONE | BL2: NOT DONE | BN2: NOT DONE | BP2: NOT DONE | BR2: NOT DONE | BT2: NOT DONE | BV2: NOT DONE | BX2: NOT DONE | BZ2: NOT DONE | CB2: NOT DONE | CD2: NOT DONE | CF2: NOT DONE | CH2: NOT DONE | CJ2: NOT DONE | CL2: NOT DONE | CN2: NOT DONE | CP2: NOT DONE | CR2: NOT DONE | CT2: NOT DONE | CV2: NOT DONE | CX2: NOT DONE | CZ2: NOT DONE | DB2: NOT DONE | DD2: NOT DONE | DF2: NOT DONE | DH2: NOT DONE | DJ2: NOT DONE | DL2: NOT DONE | DN2: NOT DONE | DP2: NOT DONE | DR2: NOT DONE | DT2: NOT DONE | DV2: NOT DONE | DX2: NOT DONE
A3: Q0011 | B3: Mohamed Farkan Mohamed Sareek | C3: Admin office | D3: 51 | F3: NOT DONE | H3: NOT DONE | J3: NOT DONE | L3: NOT DONE | M3: 45502 | N3: DONE | P3: NOT DONE | R3: NOT DONE | T3: NOT DONE | V3: NOT DONE | X3: NOT DONE | Z3: NOT DONE | AB3: NOT DONE | AD3: NOT DONE | AF3: NOT DONE | AH3: NOT DONE | AJ3: NOT DONE | AL3: NOT DONE | AN3: NOT DONE | AP3: NOT DONE | AR3: NOT DONE | AT3: NOT DONE | AV3: NOT DONE | AX3: NOT DONE | AZ3: NOT DONE | BB3: NOT DONE | BD3: NOT DONE | BF3: NOT DONE | BH3: NOT DONE | BJ3: NOT DONE | BL3: NOT DONE | BN3: NOT DONE | BP3: NOT DONE | BR3: NOT DONE | BT3: NOT DONE | BV3: NOT DONE | BX3: NOT DONE | BZ3: NOT DONE | CB3: NOT DONE | CD3: NOT DONE | CF3: NOT DONE | CH3: NOT DONE | CJ3: NOT DONE | CL3: NOT DONE | CN3: NOT DONE | CP3: NOT DONE | CR3: NOT DONE | CT3: NOT DONE | CV3: NOT DONE | CX3: NOT DONE | CZ3: NOT DONE | DB3: NOT DONE | DD3: NOT DONE | DF3: NOT DONE | DH3: NOT DONE | DJ3: NOT DONE | DL3: NOT DONE | DN3: NOT DONE | DP3: NOT DONE | DR3: NOT DONE | DT3: NOT DONE | DV3: NOT DONE | DX3: NOT DONE
A4: Q0041 | B4: Destiny Emmanuel | C4: AMH | D4: 51 | F4: NOT DONE | H4: NOT DONE | J4: NOT DONE | L4: NOT DONE | M4: 45502 | N4: DONE | P4: NOT DONE | R4: NOT DONE | T4: NOT DONE | V4: NOT DONE | X4: NOT DONE | Z4: NOT DONE | AB4: NOT DONE | AD4: NOT DONE | AF4: NOT DONE | AH4: NOT DONE | AJ4: NOT DONE | AL4: NOT DONE | AN4: NOT DONE | AP4: NOT DONE | AR4: NOT DONE | AT4: NOT DONE | AV4: NOT DONE | AX4: NOT DONE | AZ4: NOT DONE | BB4: NOT DONE | BD4: NOT DONE | BF4: NOT DONE | BH4: NOT DONE | BJ4: NOT DONE | BL4: NOT DONE | BN4: NOT DONE | BP4: NOT DONE | BR4: NOT DONE | BT4: NOT DONE | BV4: NOT DONE | BX4: NOT DONE | BZ4: NOT DONE | CB4: NOT DONE | CD4: NOT DONE | CF4: NOT DONE | CH4: NOT DONE | CJ4: NOT DONE | CL4: NOT DONE | CN4: NOT DONE | CP4: NOT DONE | CR4: NOT DONE | CT4: NOT DONE | CV4: NOT DONE | CX4: NOT DONE | CZ4: NOT DONE | DB4: NOT DONE | DD4: NOT DONE | DF4: NOT DONE | DH4: NOT DONE | DJ4: NOT DONE | DL4: NOT DONE | DN4: NOT DONE | DP4: NOT DONE | DR4: NOT DONE | DT4: NOT DONE | DV4: NOT DONE | DX4: NOT DONE
A5: Q0042 | B5: Abdunaser Ahmed Aragaw | C5: CM2 | D5: 51 | E5: 45943 | F5: DONE | H5: NOT DONE | J5: NOT DONE | L5: NOT DONE | M5: 45926 | N5: DONE | P5: NOT DONE | R5: NOT DONE | T5: NOT DONE | V5: NOT DONE | X5: NOT DONE | Z5: NOT DONE | AB5: NOT DONE | AD5: NOT DONE | AF5: NOT DONE | AH5: NOT DONE | AJ5: NOT DONE | AL5: NOT DONE | AN5: NOT DONE | AP5: NOT DONE | AR5: NOT DONE | AT5: NOT DONE | AV5: NOT DONE | AX5: NOT DONE | AZ5: NOT DONE | BB5: NOT DONE | BD5: NOT DONE | BF5: NOT DONE | BH5: NOT DONE | BJ5: NOT DONE | BL5: NOT DONE | BN5: NOT DONE | BP5: NOT DONE | BR5: NOT DONE | BT5: NOT DONE | BV5: NOT DONE | BX5: NOT DONE | BZ5: NOT DONE | CB5: NOT DONE | CD5: NOT DONE | CF5: NOT DONE | CH5: NOT DONE | CJ5: NOT DONE | CL5: NOT DONE | CN5: NOT DONE | CP5: NOT DONE | CR5: NOT DONE | CT5: NOT DONE | CV5: NOT DONE | CX5: NOT DONE | CZ5: NOT DONE | DB5: NOT DONE | DD5: NOT DONE | DF5: NOT DONE | DH5: NOT DONE | DJ5: NOT DONE | DL5: NOT DONE | DN5: NOT DONE | DP5: NOT DONE | DR5: NOT DONE | DT5: NOT DONE | DV5: NOT DONE | DX5: NOT DONE
A6: Q0048 | B6: Rizardo Villalobos | C6: CM4 | D6: 50 | E6: 45966 | F6: DONE | H6: NOT DONE | J6: NOT DONE | L6: NOT DONE | M6: 45510 | N6: DONE | P6: NOT DONE | R6: NOT DONE | T6: NOT DONE | V6: NOT DONE | X6: NOT DONE | Z6: NOT DONE | AB6: NOT DONE | AC6: 46135 | AD6: DONE | AF6: NOT DONE | AH6: NOT DONE | AJ6: NOT DONE | AL6: NOT DONE | AN6: NOT DONE | AP6: NOT DONE | AR6: NOT DONE | AT6: NOT DONE | AV6: NOT DONE | AX6: NOT DONE | AZ6: NOT DONE | BB6: NOT DONE | BD6: NOT DONE | BF6: NOT DONE | BH6: NOT DONE | BJ6: NOT DONE | BL6: NOT DONE | BN6: NOT DONE | BP6: NOT DONE | BR6: NOT DONE | BT6: NOT DONE | BV6: NOT DONE | BX6: NOT DONE | BZ6: NOT DONE | CB6: NOT DONE | CD6: NOT DONE | CF6: NOT DONE | CH6: NOT DONE | CJ6: NOT DONE | CL6: NOT DONE | CN6: NOT DONE | CP6: NOT DONE | CR6: NOT DONE | CT6: NOT DONE | CV6: NOT DONE | CX6: NOT DONE | CZ6: NOT DONE | DB6: NOT DONE | DD6: NOT DONE | DF6: NOT DONE | DH6: NOT DONE | DJ6: NOT DONE | DL6: NOT DONE | DN6: NOT DONE | DP6: NOT DONE | DR6: NOT DONE | DT6: NOT DONE | DV6: NOT DONE | DX6: NOT DONE
A7: Q0055 | B7: Chidanand Bhaskara Chaithanya | C7: QDF office | D7: 51 | E7: 45637 | F7: DONE | H7: NOT DONE | J7: NOT DONE | L7: NOT DONE | M7: 45502 | N7: DONE | P7: NOT DONE | R7: NOT DONE | T7: NOT DONE | V7: NOT DONE | X7: NOT DONE | Z7: NOT DONE | AB7: NOT DONE | AD7: NOT DONE | AF7: NOT DONE | AH7: NOT DONE | AJ7: NOT DONE | AL7: NOT DONE | AN7: NOT DONE | AP7: NOT DONE | AR7: NOT DONE | AT7: NOT DONE | AV7: NOT DONE | AX7: NOT DONE | AZ7: NOT DONE | BB7: NOT DONE | BD7: NOT DONE | BF7: NOT DONE | BH7: NOT DONE | BJ7: NOT DONE | BL7: NOT DONE | BN7: NOT DONE | BP7: NOT DONE | BR7: NOT DONE | BT7: NOT DONE | BV7: NOT DONE | BX7: NOT DONE | BZ7: NOT DONE | CB7: NOT DONE | CD7: NOT DONE | CF7: NOT DONE | CH7: NOT DONE | CJ7: NOT DONE | CL7: NOT DONE | CN7: NOT DONE | CP7: NOT DONE | CR7: NOT DONE | CT7: NOT DONE | CV7: NOT DONE | CX7: NOT DONE | CZ7: NOT DONE | DB7: NOT DONE | DD7: NOT DONE | DF7: NOT DONE | DH7: NOT DONE | DJ7: NOT DONE | DL7: NOT DONE | DN7: NOT DONE | DP7: NOT DONE | DR7: NOT DONE | DT7: NOT DONE | DV7: NOT DONE | DX7: NOT DONE
A8: Q0058 | B8: Mahesh Ramachandra | C8: Technical support office | D8: 51 | F8: NOT DONE | H8: NOT DONE | J8: NOT DONE | L8: NOT DONE | M8: 45502 | N8: DONE | P8: NOT DONE | R8: NOT DONE | T8: NOT DONE | V8: NOT DONE | X8: NOT DONE | Z8: NOT DONE | AB8: NOT DONE | AD8: NOT DONE | AF8: NOT DONE | AH8: NOT DONE | AJ8: NOT DONE | AL8: NOT DONE | AN8: NOT DONE | AP8: NOT DONE | AR8: NOT DONE | AT8: NOT DONE | AV8: NOT DONE | AX8: NOT DONE | AZ8: NOT DONE | BB8: NOT DONE | BD8: NOT DONE | BF8: NOT DONE | BH8: NOT DONE | BJ8: NOT DONE | BL8: NOT DONE | BN8: NOT DONE | BP8: NOT DONE | BR8: NOT DONE | BT8: NOT DONE | BV8: NOT DONE | BX8: NOT DONE | BZ8: NOT DONE | CB8: NOT DONE | CD8: NOT DONE | CF8: NOT DONE | CH8: NOT DONE | CJ8: NOT DONE | CL8: NOT DONE | CN8: NOT DONE | CP8: NOT DONE | CR8: NOT DONE | CT8: NOT DONE | CV8: NOT DONE | CX8: NOT DONE | CZ8: NOT DONE | DB8: NOT DONE | DD8: NOT DONE | DF8: NOT DONE | DH8: NOT DONE | DJ8: NOT DONE | DL8: NOT DONE | DN8: NOT DONE | DP8: NOT DONE | DR8: NOT DONE | DT8: NOT DONE | DV8: NOT DONE | DX8: NOT DONE
A9: Q0065 | B9: Joel Cabrillos Misa | C9: CM3 | D9: 51 | F9: NOT DONE | H9: NOT DONE | J9: NOT DONE | L9: NOT DONE | N9: NOT DONE | P9: NOT DONE | R9: NOT DONE | T9: NOT DONE | V9: NOT DONE | X9: NOT DONE | Z9: NOT DONE | AB9: NOT DONE | AD9: NOT DONE | AF9: NOT DONE | AH9: NOT DONE | AJ9: NOT DONE | AL9: NOT DONE | AN9: NOT DONE | AP9: NOT DONE | AR9: NOT DONE | AT9: NOT DONE | AV9: NOT DONE | AX9: NOT DONE | AZ9: NOT DONE | BB9: NOT DONE | BD9: NOT DONE | BF9: NOT DONE | BH9: NOT DONE | BJ9: NOT DONE | BL9: NOT DONE | BN9: NOT DONE | BP9: NOT DONE | BR9: NOT DONE | BT9: NOT DONE | BV9: NOT DONE | BX9: NOT DONE | BZ9: NOT DONE | CB9: NOT DONE | CD9: NOT DONE | CF9: NOT DONE | CH9: NOT DONE | CJ9: NOT DONE | CL9: NOT DONE | CN9: NOT DONE | CP9: NOT DONE | CR9: NOT DONE | CT9: NOT DONE | CV9: NOT DONE | CX9: NOT DONE | CZ9: NOT DONE | DB9: NOT DONE | DD9: NOT DONE | DF9: NOT DONE | DH9: NOT DONE | DJ9: NOT DONE | DL9: NOT DONE | DN9: NOT DONE | DP9: NOT DONE | DR9: NOT DONE | DT9: NOT DONE | DV9: NOT DONE | DX9: NOT DONE
A10: Q0068 | B10: Ericson Murcillos Victorino | C10: AMH | D10: 51 | E10: 45636 | F10: DONE | H10: NOT DONE | J10: NOT DONE | L10: NOT DONE | M10: 45502 | N10: DONE | P10: NOT DONE | R10: NOT DONE | T10: NOT DONE | V10: NOT DONE | X10: NOT DONE | Z10: NOT DONE | AB10: NOT DONE | AD10: NOT DONE | AF10: NOT DONE | AH10: NOT DONE | AJ10: NOT DONE | AL10: NOT DONE | AN10: NOT DONE | AP10: NOT DONE | AR10: NOT DONE | AT10: NOT DONE | AV10: NOT DONE | AX10: NOT DONE | AZ10: NOT DONE | BB10: NOT DONE | BD10: NOT DONE | BF10: NOT DONE | BH10: NOT DONE | BJ10: NOT DONE | BL10: NOT DONE | BN10: NOT DONE | BP10: NOT DONE | BR10: NOT DONE | BT10: NOT DONE | BV10: NOT DONE | BX10: NOT DONE | BZ10: NOT DONE | CB10: NOT DONE | CD10: NOT DONE | CF10: NOT DONE | CH10: NOT DONE | CJ10: NOT DONE | CL10: NOT DONE | CN10: NOT DONE | CP10: NOT DONE | CR10: NOT DONE | CT10: NOT DONE | CV10: NOT DONE | CX10: NOT DONE | CZ10: NOT DONE | DB10: NOT DONE | DD10: NOT DONE | DF10: NOT DONE | DH10: NOT DONE | DJ10: NOT DONE | DL10: NOT DONE | DN10: NOT DONE | DP10: NOT DONE | DR10: NOT DONE | DT10: NOT DONE | DV10: NOT DONE | DX10: NOT DONE
A11: Q0070 | B11: Fernan Dela Cruz | C11: Technical support office | D11: 51 | F11: NOT DONE | H11: NOT DONE | J11: NOT DONE | L11: NOT DONE | N11: NOT DONE | P11: NOT DONE | R11: NOT DONE | T11: NOT DONE | V11: NOT DONE | X11: NOT DONE | Z11: NOT DONE | AB11: NOT DONE | AD11: NOT DONE | AF11: NOT DONE | AH11: NOT DONE | AJ11: NOT DONE | AL11: NOT DONE | AN11: NOT DONE | AP11: NOT DONE | AR11: NOT DONE | AT11: NOT DONE | AV11: NOT DONE | AX11: NOT DONE | AZ11: NOT DONE | BB11: NOT DONE | BD11: NOT DONE | BF11: NOT DONE | BH11: NOT DONE | BJ11: NOT DONE | BL11: NOT DONE | BN11: NOT DONE | BP11: NOT DONE | BR11: NOT DONE | BT11: NOT DONE | BV11: NOT DONE | BX11: NOT DONE | BZ11: NOT DONE | CB11: NOT DONE | CD11: NOT DONE | CF11: NOT DONE | CH11: NOT DONE | CJ11: NOT DONE | CL11: NOT DONE | CN11: NOT DONE | CP11: NOT DONE | CR11: NOT DONE | CT11: NOT DONE | CV11: NOT DONE | CX11: NOT DONE | CZ11: NOT DONE | DB11: NOT DONE | DD11: NOT DONE | DF11: NOT DONE | DH11: NOT DONE | DJ11: NOT DONE | DL11: NOT DONE | DN11: NOT DONE | DP11: NOT DONE | DR11: NOT DONE | DT11: NOT DONE | DV11: NOT DONE | DX11: NOT DONE
A12: Q0077 | B12: Bindu Pillai | C12: Technical support office | D12: 51 | F12: NOT DONE | H12: NOT DONE | J12: NOT DONE | L12: NOT DONE | N12: NOT DONE | P12: NOT DONE | R12: NOT DONE | T12: NOT DONE | V12: NOT DONE | X12: NOT DONE | Z12: NOT DONE | AB12: NOT DONE | AD12: NOT DONE | AF12: NOT DONE | AH12: NOT DONE | AJ12: NOT DONE | AL12: NOT DONE | AN12: NOT DONE | AP12: NOT DONE | AR12: NOT DONE | AT12: NOT DONE | AV12: NOT DONE | AX12: NOT DONE | AZ12: NOT DONE | BB12: NOT DONE | BD12: NOT DONE | BF12: NOT DONE | BH12: NOT DONE | BJ12: NOT DONE | BL12: NOT DONE | BN12: NOT DONE | BP12: NOT DONE | BR12: NOT DONE | BT12: NOT DONE | BV12: NOT DONE | BX12: NOT DONE | BZ12: NOT DONE | CB12: NOT DONE | CD12: NOT DONE | CF12: NOT DONE | CH12: NOT DONE | CJ12: NOT DONE | CL12: NOT DONE | CN12: NOT DONE | CP12: NOT DONE | CR12: NOT DONE | CT12: NOT DONE | CV12: NOT DONE | CX12: NOT DONE | CZ12: NOT DONE | DB12: NOT DONE | DD12: NOT DONE | DF12: NOT DONE | DH12: NOT DONE | DJ12: NOT DONE | DL12: NOT DONE | DN12: NOT DONE | DP12: NOT DONE | DR12: NOT DONE | DT12: NOT DONE | DV12: NOT DONE | DX12: NOT DONE
A13: Q0082 | B13: Philippe Musangilay Kubula | C13: Admin office | D13: 51 | F13: NOT DONE | H13: NOT DONE | J13: NOT DONE | L13: NOT DONE | M13: 45497 | N13: DONE | P13: NOT DONE | R13: NOT DONE | T13: NOT DONE | V13: NOT DONE | X13: NOT DONE | Z13: NOT DONE | AB13: NOT DONE | AD13: NOT DONE | AF13: NOT DONE | AH13: NOT DONE | AJ13: NOT DONE | AL13: NOT DONE | AN13: NOT DONE | AP13: NOT DONE | AR13: NOT DONE | AT13: NOT DONE | AV13: NOT DONE | AX13: NOT DONE | AZ13: NOT DONE | BB13: NOT DONE | BD13: NOT DONE | BF13: NOT DONE | BH13: NOT DONE | BJ13: NOT DONE | BL13: NOT DONE | BN13: NOT DONE | BP13: NOT DONE | BR13: NOT DONE | BT13: NOT DONE | BV13: NOT DONE | BX13: NOT DONE | BZ13: NOT DONE | CB13: NOT DONE | CD13: NOT DONE | CF13: NOT DONE | CH13: NOT DONE | CJ13: NOT DONE | CL13: NOT DONE | CN13: NOT DONE | CP13: NOT DONE | CR13: NOT DONE | CT13: NOT DONE | CV13: NOT DONE | CX13: NOT DONE | CZ13: NOT DONE | DB13: NOT DONE | DD13: NOT DONE | DF13: NOT DONE | DH13: NOT DONE | DJ13: NOT DONE | DL13: NOT DONE | DN13: NOT DONE | DP13: NOT DONE | DR13: NOT DONE | DT13: NOT DONE | DV13: NOT DONE | DX13: NOT DONE
A14: Q0090 | B14: Sandy De Vera Apigo | C14: CM1 | D14: 51 | E14: 45636 | F14: DONE | G14: 45450 | H14: DONE | J14: NOT DONE | L14: NOT DONE | M14: 45501 | N14: DONE | P14: NOT DONE | R14: NOT DONE | T14: NOT DONE | V14: NOT DONE | X14: NOT DONE | Z14: NOT DONE | AB14: NOT DONE | AD14: NOT DONE | AF14: NOT DONE | AH14: NOT DONE | AJ14: NOT DONE | AL14: NOT DONE | AN14: NOT DONE | AP14: NOT DONE | AR14: NOT DONE | AT14: NOT DONE | AV14: NOT DONE | AX14: NOT DONE | AZ14: NOT DONE | BB14: NOT DONE | BD14: NOT DONE | BF14: NOT DONE | BH14: NOT DONE | BJ14: NOT DONE | BL14: NOT DONE | BN14: NOT DONE | BP14: NOT DONE | BR14: NOT DONE | BT14: NOT DONE | BV14: NOT DONE | BX14: NOT DONE | BZ14: NOT DONE | CB14: NOT DONE | CD14: NOT DONE | CF14: NOT DONE | CH14: NOT DONE | CJ14: NOT DONE | CL14: NOT DONE | CN14: NOT DONE | CP14: NOT DONE | CR14: NOT DONE | CT14: NOT DONE | CV14: NOT DONE | CX14: NOT DONE | CZ14: NOT DONE | DB14: NOT DONE | DD14: NOT DONE | DF14: NOT DONE | DH14: NOT DONE | DJ14: NOT DONE | DL14: NOT DONE | DN14: NOT DONE | DP14: NOT DONE | DR14: NOT DONE | DT14: NOT DONE | DV14: NOT DONE | DX14: NOT DONE
A15: Q0095 | B15: Jerry Arnejo Carandang | C15: Technical support office | D15: 51 | F15: NOT DONE | H15: NOT DONE | J15: NOT DONE | L15: NOT DONE | N15: NOT DONE | P15: NOT DONE | R15: NOT DONE | T15: NOT DONE | V15: NOT DONE | X15: NOT DONE | Z15: NOT DONE | AB15: NOT DONE | AD15: NOT DONE | AF15: NOT DONE | AH15: NOT DONE | AJ15: NOT DONE | AL15: NOT DONE | AN15: NOT DONE | AP15: NOT DONE | AR15: NOT DONE | AT15: NOT DONE | AV15: NOT DONE | AX15: NOT DONE | AZ15: NOT DONE | BB15: NOT DONE | BD15: NOT DONE | BF15: NOT DONE | BH15: NOT DONE | BJ15: NOT DONE | BL15: NOT DONE | BN15: NOT DONE | BP15: NOT DONE | BR15: NOT DONE | BT15: NOT DONE | BV15: NOT DONE | BX15: NOT DONE | BZ15: NOT DONE | CB15: NOT DONE | CD15: NOT DONE | CF15: NOT DONE | CH15: NOT DONE | CJ15: NOT DONE | CL15: NOT DONE | CN15: NOT DONE | CP15: NOT DONE | CR15: NOT DONE | CT15: NOT DONE | CV15: NOT DONE | CX15: NOT DONE | CZ15: NOT DONE | DB15: NOT DONE | DD15: NOT DONE | DF15: NOT DONE | DH15: NOT DONE | DJ15: NOT DONE | DL15: NOT DONE | DN15: NOT DONE | DP15: NOT DONE | DR15: NOT DONE | DT15: NOT DONE | DV15: NOT DONE | DX15: NOT DONE
A16: Q0098 | B16: Vicente Mendigorin Morelos | C16: Resigned | D16: 51 | E16: 45572 | F16: DONE | H16: NOT DONE | J16: NOT DONE | L16: NOT DONE | M16: 45510 | N16: DONE | P16: NOT DONE | R16: NOT DONE | T16: NOT DONE | V16: NOT DONE | X16: NOT DONE | Z16: NOT DONE | AB16: NOT DONE | AD16: NOT DONE | AF16: NOT DONE | AH16: NOT DONE | AJ16: NOT DONE | AL16: NOT DONE | AN16: NOT DONE | AP16: NOT DONE | AR16: NOT DONE | AT16: NOT DONE | AV16: NOT DONE | AX16: NOT DONE | AZ16: NOT DONE | BB16: NOT DONE | BD16: NOT DONE | BF16: NOT DONE | BH16: NOT DONE | BJ16: NOT DONE | BL16: NOT DONE | BN16: NOT DONE | BP16: NOT DONE | BR16: NOT DONE | BT16: NOT DONE | BV16: NOT DONE | BX16: NOT DONE | BZ16: NOT DONE | CB16: NOT DONE | CD16: NOT DONE | CF16: NOT DONE | CH16: NOT DONE | CJ16: NOT DONE | CL16: NOT DONE | CN16: NOT DONE | CP16: NOT DONE | CR16: NOT DONE | CT16: NOT DONE | CV16: NOT DONE | CX16: NOT DONE | CZ16: NOT DONE | DB16: NOT DONE | DD16: NOT DONE | DF16: NOT DONE | DH16: NOT DONE | DJ16: NOT DONE | DL16: NOT DONE | DN16: NOT DONE | DP16: NOT DONE | DR16: NOT DONE | DT16: NOT DONE | DV16: NOT DONE | DX16: NOT DONE
A17: Q0128 | B17: Sivagaran Ramanathan | C17: PM2 | D17: 49 | E17: 45995 | F17: DONE | G17: 45995 | H17: DONE | I17: 45995 | J17: DONE | K17: 45504 | L17: DONE | M17: 45504 | N17: DONE | P17: NOT DONE | R17: NOT DONE | T17: NOT DONE | V17: NOT DONE | X17: NOT DONE | Y17: 46179 | Z17: DONE | AB17: NOT DONE | AD17: NOT DONE | AF17: NOT DONE | AG17: 46179 | AH17: DONE | AJ17: NOT DONE | AL17: NOT DONE | AM17: 45865 | AN17: DONE | AO17: 45865 | AP17: DONE | AQ17: 45865 | AR17: DONE | AS17: 45931 | AT17: DONE | AU17: 45931 | AV17: DONE | AX17: NOT DONE | AZ17: NOT DONE | BB17: NOT DONE | BD17: NOT DONE | BF17: NOT DONE | BH17: NOT DONE | BJ17: NOT DONE | BL17: NOT DONE | BN17: NOT DONE | BP17: NOT DONE | BR17: NOT DONE | BT17: NOT DONE | BV17: NOT DONE | BX17: NOT DONE | BZ17: NOT DONE | CB17: NOT DONE | CD17: NOT DONE | CF17: NOT DONE | CH17: NOT DONE | CJ17: NOT DONE | CL17: NOT DONE | CN17: NOT DONE | CP17: NOT DONE | CR17: NOT DONE | CT17: NOT DONE | CU17: 45995 | CV17: DONE | CX17: NOT DONE | CZ17: NOT DONE | DB17: NOT DONE | DD17: NOT DONE | DF17: NOT DONE | DH17: NOT DONE | DJ17: NOT DONE | DL17: NOT DONE | DN17: NOT DONE | DP17: NOT DONE | DR17: NOT DONE | DT17: NOT DONE | DV17: NOT DONE | DX17: NOT DONE
A18: Q0130 | B18: Cletes Albert Perera | C18: PM3 | D18: 47 | E18: 46138 | F18: DONE | H18: NOT DONE | J18: NOT DONE | L18: NOT DONE | N18: NOT DONE | P18: NOT DONE | R18: NOT DONE | T18: NOT DONE | V18: NOT DONE | X18: NOT DONE | Y18: 45707 | Z18: DONE | AB18: NOT DONE | AD18: NOT DONE | AF18: NOT DONE | AG18: 46138 | AH18: DONE | AJ18: NOT DONE | AL18: NOT DONE | AN18: NOT DONE | AP18: NOT DONE | AR18: NOT DONE | AS18: 46138 | AT18: DONE | AU18: 46138 | AV18: DONE | AX18: NOT DONE | AZ18: NOT DONE | BB18: NOT DONE | BD18: NOT DONE | BF18: NOT DONE | BH18: NOT DONE | BJ18: NOT DONE | BL18: NOT DONE | BN18: NOT DONE | BP18: NOT DONE | BR18: NOT DONE | BT18: NOT DONE | BV18: NOT DONE | BX18: NOT DONE | BZ18: NOT DONE | CB18: NOT DONE | CD18: NOT DONE | CF18: NOT DONE | CH18: NOT DONE | CJ18: NOT DONE | CL18: NOT DONE | CN18: NOT DONE | CP18: NOT DONE | CR18: NOT DONE | CT18: NOT DONE | CU18: 46138 | CV18: DONE | CX18: NOT DONE | CZ18: NOT DONE | DB18: NOT DONE | DD18: NOT DONE | DF18: NOT DONE | DH18: NOT DONE | DJ18: NOT DONE | DL18: NOT DONE | DN18: NOT DONE | DP18: NOT DONE | DR18: NOT DONE | DT18: NOT DONE | DV18: NOT DONE | DX18: NOT DONE
A19: Q0132 | B19: Tharanga Pradeep Pathirannehelage | C19: CM2 | D19: 36 | E19: 45943 | F19: DONE | G19: 46115 | H19: DONE | I19: 46115 | J19: DONE | K19: 46013 | L19: DONE | M19: 46287 | N19: DONE | P19: NOT DONE | R19: NOT DONE | T19: NOT DONE | U19: 46073 | V19: DONE | W19: 46115 | X19: DONE | Y19: 45734 | Z19: DONE | AB19: NOT DONE | AC19: 46122 | AD19: DONE | AE19: 45780 | AF19: DONE | AG19: 46255 | AH19: DONE | AJ19: NOT DONE | AL19: NOT DONE | AM19: 46255 | AN19: DONE | AO19: 46256 | AP19: DONE | AQ19: 46256 | AR19: DONE | AT19: NOT DONE | AV19: NOT DONE | AX19: NOT DONE | AZ19: NOT DONE | BA19: 45900 | BB19: DONE | BC19: 45900 | BD19: DONE | BF19: NOT DONE | BH19: NOT DONE | BJ19: NOT DONE | BL19: NOT DONE | BN19: NOT DONE | BP19: NOT DONE | BR19: NOT DONE | BT19: NOT DONE | BV19: NOT DONE | BX19: NOT DONE | BZ19: NOT DONE | CB19: NOT DONE | CD19: NOT DONE | CF19: NOT DONE | CH19: NOT DONE | CI19: 45985 | CJ19: DONE | CL19: NOT DONE | CM19: 46188 | CN19: DONE | CO19: 46188 | CP19: DONE | CQ19: 46188 | CR19: DONE | CT19: NOT DONE | CU19: 46287 | CV19: DONE | CW19: 46034 | CX19: DONE | CZ19: NOT DONE | DB19: NOT DONE | DD19: NOT DONE | DF19: NOT DONE | DH19: NOT DONE | DJ19: NOT DONE | DL19: NOT DONE | DN19: NOT DONE | DP19: NOT DONE | DR19: NOT DONE | DT19: NOT DONE | DV19: NOT DONE | DX19: NOT DONE
A20: Q0134 | B20: Pubudu Maduranga Hearth Ralalage | C20: PM2 | D20: 48 | E20: 45875 | F20: DONE | G20: 45995 | H20: DONE | I20: 45995 | J20: DONE | K20: 45511 | L20: DONE | M20: 45511 | N20: DONE | O20: 45732 | P20: DONE | R20: NOT DONE | T20: NOT DONE | U20: 46179 | V20: DONE | X20: NOT DONE | Y20: 46179 | Z20: DONE | AB20: NOT DONE | AD20: NOT DONE | AF20: NOT DONE | AG20: 46179 | AH20: DONE | AJ20: NOT DONE | AL20: NOT DONE | AM20: 45865 | AN20: DONE | AO20: 45865 | AP20: DONE | AQ20: 45865 | AR20: DONE | AS20: 45875 | AT20: DONE | AV20: NOT DONE | AX20: NOT DONE | AZ20: NOT DONE | BB20: NOT DONE | BD20: NOT DONE | BF20: NOT DONE | BH20: NOT DONE | BJ20: NOT DONE | BL20: NOT DONE | BN20: NOT DONE | BP20: NOT DONE | BR20: NOT DONE | BT20: NOT DONE | BV20: NOT DONE | BX20: NOT DONE | BZ20: NOT DONE | CB20: NOT DONE | CD20: NOT DONE | CF20: NOT DONE | CH20: NOT DONE | CI20: 45900 | CJ20: DONE | CL20: NOT DONE | CN20: NOT DONE | CP20: NOT DONE | CR20: NOT DONE | CT20: NOT DONE | CU20: 45995 | CV20: DONE | CX20: NOT DONE | CZ20: NOT DONE | DB20: NOT DONE | DD20: NOT DONE | DF20: NOT DONE | DH20: NOT DONE | DJ20: NOT DONE | DL20: NOT DONE | DN20: NOT DONE | DP20: NOT DONE | DR20: NOT DONE | DT20: NOT DONE | DV20: NOT DONE | DX20: NOT DONE
A21: Q0138 | B21: Joevergil Cajocson Dormitorio | C21: CM2 | D21: 35 | E21: 45943 | F21: DONE | G21: 46115 | H21: DONE | I21: 46115 | J21: DONE | K21: 46013 | L21: DONE | M21: 46287 | N21: DONE | P21: NOT DONE | R21: NOT DONE | T21: NOT DONE | U21: 46073 | V21: DONE | W21: 46115 | X21: DONE | Y21: 46163 | Z21: DONE | AA21: 46163 | AB21: DONE | AC21: 46122 | AD21: DONE | AF21: NOT DONE | AG21: 46255 | AH21: DONE | AJ21: NOT DONE | AL21: NOT DONE | AM21: 46255 | AN21: DONE | AO21: 46256 | AP21: DONE | AQ21: 46256 | AR21: DONE | AT21: NOT DONE | AV21: NOT DONE | AX21: NOT DONE | AZ21: NOT DONE | BA21: 45900 | BB21: DONE | BC21: 45900 | BD21: DONE | BF21: NOT DONE | BH21: NOT DONE | BJ21: NOT DONE | BL21: NOT DONE | BN21: NOT DONE | BP21: NOT DONE | BR21: NOT DONE | BT21: NOT DONE | BV21: NOT DONE | BX21: NOT DONE | BZ21: NOT DONE | CB21: NOT DONE | CD21: NOT DONE | CF21: NOT DONE | CH21: NOT DONE | CI21: 45985 | CJ21: DONE | CL21: NOT DONE | CM21: 46188 | CN21: DONE | CO21: 46188 | CP21: DONE | CQ21: 46188 | CR21: DONE | CT21: NOT DONE | CU21: 46287 | CV21: DONE | CX21: NOT DONE | CZ21: NOT DONE | DB21: NOT DONE | DD21: NOT DONE | DF21: NOT DONE | DH21: NOT DONE | DJ21: NOT DONE | DL21: NOT DONE | DN21: NOT DONE | DP21: NOT DONE | DR21: NOT DONE | DT21: NOT DONE | DV21: NOT DONE | DX21: NOT DONE
A22: Q0139 | B22: Ricky Catibog Katigbak | C22: QNL | D22: 51 | E22: 45670 | F22: DONE | H22: NOT DONE | J22: NOT DONE | L22: NOT DONE | N22: NOT DONE | P22: NOT DONE | R22: NOT DONE | T22: NOT DONE | V22: NOT DONE | X22: NOT DONE | Z22: NOT DONE | AB22: NOT DONE | AD22: NOT DONE | AF22: NOT DONE | AH22: NOT DONE | AJ22: NOT DONE | AL22: NOT DONE | AN22: NOT DONE | AP22: NOT DONE | AR22: NOT DONE | AT22: NOT DONE | AV22: NOT DONE | AX22: NOT DONE | AZ22: NOT DONE | BB22: NOT DONE | BD22: NOT DONE | BF22: NOT DONE | BH22: NOT DONE | BJ22: NOT DONE | BL22: NOT DONE | BN22: NOT DONE | BP22: NOT DONE | BR22: NOT DONE | BT22: NOT DONE | BV22: NOT DONE | BX22: NOT DONE | BZ22: NOT DONE | CB22: NOT DONE | CD22: NOT DONE | CF22: NOT DONE | CH22: NOT DONE | CJ22: NOT DONE | CL22: NOT DONE | CN22: NOT DONE | CP22: NOT DONE | CR22: NOT DONE | CT22: NOT DONE | CV22: NOT DONE | CX22: NOT DONE | CZ22: NOT DONE | DB22: NOT DONE | DD22: NOT DONE | DF22: NOT DONE | DH22: NOT DONE | DJ22: NOT DONE | DL22: NOT DONE | DN22: NOT DONE | DP22: NOT DONE | DR22: NOT DONE | DT22: NOT DONE | DV22: NOT DONE | DX22: NOT DONE
A23: Q0149 | B23: Venice Mendova Jadloc | C23: Resigned | D23: 51 | E23: 45637 | F23: DONE | H23: NOT DONE | J23: NOT DONE | L23: NOT DONE | N23: NOT DONE | P23: NOT DONE | R23: NOT DONE | T23: NOT DONE | U23: 45726 | V23: DONE | X23: NOT DONE | Y23: 45729 | Z23: DONE | AA23: 45741 | AB23: DONE | AD23: NOT DONE | AF23: NOT DONE | AH23: NOT DONE | AI23: 45784 | AJ23: DONE | AL23: NOT DONE | AN23: NOT DONE | AP23: NOT DONE | AR23: NOT DONE | AT23: NOT DONE | AV23: NOT DONE | AX23: NOT DONE | AZ23: NOT DONE | BB23: NOT DONE | BD23: NOT DONE | BF23: NOT DONE | BH23: NOT DONE | BJ23: NOT DONE | BL23: NOT DONE | BN23: NOT DONE | BP23: NOT DONE | BR23: NOT DONE | BT23: NOT DONE | BV23: NOT DONE | BX23: NOT DONE | BZ23: NOT DONE | CB23: NOT DONE | CD23: NOT DONE | CF23: NOT DONE | CH23: NOT DONE | CJ23: NOT DONE | CL23: NOT DONE | CN23: NOT DONE | CP23: NOT DONE | CR23: NOT DONE | CT23: NOT DONE | CV23: NOT DONE | CX23: NOT DONE | CZ23: NOT DONE | DB23: NOT DONE | DD23: NOT DONE | DF23: NOT DONE | DH23: NOT DONE | DJ23: NOT DONE | DL23: NOT DONE | DN23: NOT DONE | DP23: NOT DONE | DR23: NOT DONE | DT23: NOT DONE | DV23: NOT DONE | DX23: NOT DONE
A24: Q0150 | B24: Lemuel Celeste Anacleto | C24: CM3 | D24: 43 | E24: 45984 | F24: DONE | G24: 45968 | H24: DONE | I24: 45968 | J24: DONE | L24: NOT DONE | N24: NOT DONE | P24: NOT DONE | R24: NOT DONE | T24: NOT DONE | U24: 45738 | V24: DONE | X24: NOT DONE | Y24: 45737 | Z24: DONE | AA24: 45752 | AB24: DONE | AC24: 46076 | AD24: DONE | AF24: NOT DONE | AG24: 45864 | AH24: DONE | AJ24: NOT DONE | AL24: NOT DONE | AM24: 45864 | AN24: DONE | AO24: 46117 | AP24: DONE | AQ24: 45864 | AR24: DONE | AT24: NOT DONE | AV24: NOT DONE | AX24: NOT DONE | AZ24: NOT DONE | BA24: 45885 | BB24: DONE | BC24: 45885 | BD24: DONE | BF24: NOT DONE | BH24: NOT DONE | BJ24: NOT DONE | BL24: NOT DONE | BN24: NOT DONE | BP24: NOT DONE | BR24: NOT DONE | BT24: NOT DONE | BV24: NOT DONE | BX24: NOT DONE | BZ24: NOT DONE | CB24: NOT DONE | CD24: NOT DONE | CF24: NOT DONE | CH24: NOT DONE | CJ24: NOT DONE | CL24: NOT DONE | CM24: 46272 | CN24: DONE | CO24: 46272 | CP24: DONE | CQ24: 46272 | CR24: DONE | CT24: NOT DONE | CV24: NOT DONE | CX24: NOT DONE | CY24: 46048 | CZ24: DONE | DA24: 46048 | DB24: DONE | DC24: 46076 | DD24: DONE | DE24: 46078 | DF24: DONE | DG24: 46077 | DH24: DONE | DJ24: NOT DONE | DK24: 46116 | DL24: DONE | DN24: NOT DONE | DP24: NOT DONE | DR24: NOT DONE | DT24: NOT DONE | DV24: NOT DONE | DX24: NOT DONE
A25: Q0158 | B25: Arnel Butiu Guevarra | C25: CM4 | D25: 48 | E25: 45966 | F25: DONE | G25: 45850 | H25: DONE | I25: 45850 | J25: DONE | L25: NOT DONE | M25: 45970 | N25: DONE | P25: NOT DONE | R25: NOT DONE | T25: NOT DONE | U25: 45852 | V25: DONE | W25: 46036 | X25: DONE | Y25: 45756 | Z25: DONE | AA25: 45757 | AB25: DONE | AC25: 46135 | AD25: DONE | AF25: NOT DONE | AG25: 45863 | AH25: DONE | AJ25: NOT DONE | AK25: 45856 | AL25: DONE | AM25: 45863 | AN25: DONE | AO25: 45864 | AP25: DONE | AQ25: 45862 | AR25: DONE | AT25: NOT DONE | AU25: 45930 | AV25: DONE | AX25: NOT DONE | AZ25: NOT DONE | BA25: 45884 | BB25: DONE | BC25: 45884 | BD25: DONE | BF25: NOT DONE | BH25: NOT DONE | BJ25: NOT DONE | BL25: NOT DONE | BN25: NOT DONE | BP25: NOT DONE | BR25: NOT DONE | BT25: NOT DONE | BV25: NOT DONE | BX25: NOT DONE | BZ25: NOT DONE | CB25: NOT DONE | CD25: NOT DONE | CF25: NOT DONE | CH25: NOT DONE | CJ25: NOT DONE | CL25: NOT DONE | CM25: 45955 | CN25: DONE | CO25: 45955 | CP25: DONE | CR25: NOT DONE | CT25: NOT DONE | CV25: NOT DONE | CX25: NOT DONE | CY25: 46051 | CZ25: DONE | DB25: NOT DONE | DD25: NOT DONE | DF25: NOT DONE | DH25: NOT DONE | DJ25: NOT DONE | DL25: NOT DONE | DN25: NOT DONE | DP25: NOT DONE | DQ25: 46184 | DR25: NOT DONE | DS25: 46243 | DT25: DONE | DV25: NOT DONE | DX25: NOT DONE
A26: Q0157 | B26: Edwin Balakid Tegli | C26: Resigned | D26: 51 | E26: 45722 | F26: DONE | H26: NOT DONE | J26: NOT DONE | L26: NOT DONE | N26: NOT DONE | P26: NOT DONE | R26: NOT DONE | T26: NOT DONE | V26: NOT DONE | X26: NOT DONE | Z26: NOT DONE | AA26: 45806 | AB26: DONE | AD26: NOT DONE | AF26: NOT DONE | AH26: NOT DONE | AJ26: NOT DONE | AL26: NOT DONE | AN26: NOT DONE | AP26: NOT DONE | AR26: NOT DONE | AT26: NOT DONE | AV26: NOT DONE | AX26: NOT DONE | AZ26: NOT DONE | BB26: NOT DONE | BD26: NOT DONE | BE26: 45883 | BF26: DONE | BH26: NOT DONE | BJ26: NOT DONE | BL26: NOT DONE | BN26: NOT DONE | BP26: NOT DONE | BR26: NOT DONE | BT26: NOT DONE | BV26: NOT DONE | BX26: NOT DONE | BZ26: NOT DONE | CB26: NOT DONE | CD26: NOT DONE | CF26: NOT DONE | CH26: NOT DONE | CJ26: NOT DONE | CL26: NOT DONE | CN26: NOT DONE | CP26: NOT DONE | CR26: NOT DONE | CT26: NOT DONE | CV26: NOT DONE | CX26: NOT DONE | CZ26: NOT DONE | DB26: NOT DONE | DD26: NOT DONE | DF26: NOT DONE | DH26: NOT DONE | DJ26: NOT DONE | DL26: NOT DONE | DN26: NOT DONE | DP26: NOT DONE | DR26: NOT DONE | DT26: NOT DONE | DV26: NOT DONE | DX26: NOT DONE
A27: Q0159 | B27: Jessie Jr. Alcuizar Hellera | C27: Admin office | D27: 51 | F27: NOT DONE | H27: NOT DONE | J27: NOT DONE | L27: NOT DONE | M27: 45502 | N27: DONE | P27: NOT DONE | R27: NOT DONE | T27: NOT DONE | V27: NOT DONE | X27: NOT DONE | Z27: NOT DONE | AB27: NOT DONE | AD27: NOT DONE | AF27: NOT DONE | AH27: NOT DONE | AJ27: NOT DONE | AL27: NOT DONE | AN27: NOT DONE | AP27: NOT DONE | AR27: NOT DONE | AT27: NOT DONE | AV27: NOT DONE | AX27: NOT DONE | AZ27: NOT DONE | BB27: NOT DONE | BD27: NOT DONE | BF27: NOT DONE | BH27: NOT DONE | BJ27: NOT DONE | BL27: NOT DONE | BN27: NOT DONE | BP27: NOT DONE | BR27: NOT DONE | BT27: NOT DONE | BV27: NOT DONE | BX27: NOT DONE | BZ27: NOT DONE | CB27: NOT DONE | CD27: NOT DONE | CF27: NOT DONE | CH27: NOT DONE | CJ27: NOT DONE | CL27: NOT DONE | CN27: NOT DONE | CP27: NOT DONE | CR27: NOT DONE | CT27: NOT DONE | CV27: NOT DONE | CX27: NOT DONE | CZ27: NOT DONE | DB27: NOT DONE | DD27: NOT DONE | DF27: NOT DONE | DH27: NOT DONE | DJ27: NOT DONE | DL27: NOT DONE | DN27: NOT DONE | DP27: NOT DONE | DR27: NOT DONE | DT27: NOT DONE | DV27: NOT DONE | DX27: NOT DONE
A28: Q0165 | B28: Noel Jarabe Riego | C28: Resigned | D28: 51 | F28: NOT DONE | H28: NOT DONE | J28: NOT DONE | L28: NOT DONE | N28: NOT DONE | P28: NOT DONE | R28: NOT DONE | T28: NOT DONE | V28: NOT DONE | X28: NOT DONE | Z28: NOT DONE | AB28: NOT DONE | AD28: NOT DONE | AF28: NOT DONE | AH28: NOT DONE | AJ28: NOT DONE | AL28: NOT DONE | AN28: NOT DONE | AP28: NOT DONE | AR28: NOT DONE | AT28: NOT DONE | AV28: NOT DONE | AX28: NOT DONE | AZ28: NOT DONE | BB28: NOT DONE | BD28: NOT DONE | BF28: NOT DONE | BH28: NOT DONE | BJ28: NOT DONE | BL28: NOT DONE | BN28: NOT DONE | BP28: NOT DONE | BR28: NOT DONE | BT28: NOT DONE | BV28: NOT DONE | BX28: NOT DONE | BZ28: NOT DONE | CB28: NOT DONE | CD28: NOT DONE | CF28: NOT DONE | CH28: NOT DONE | CJ28: NOT DONE | CL28: NOT DONE | CN28: NOT DONE | CP28: NOT DONE | CR28: NOT DONE | CT28: NOT DONE | CV28: NOT DONE | CX28: NOT DONE | CZ28: NOT DONE | DB28: NOT DONE | DD28: NOT DONE | DF28: NOT DONE | DH28: NOT DONE | DJ28: NOT DONE | DL28: NOT DONE | DN28: NOT DONE | DP28: NOT DONE | DR28: NOT DONE | DT28: NOT DONE | DV28: NOT DONE | DX28: NOT DONE
A29: Q0170 | B29: Edilberto Angsioco | C29: CM2 | D29: 37 | E29: 45943 | F29: DONE | G29: 46115 | H29: DONE | I29: 46115 | J29: DONE | K29: 46013 | L29: DONE | M29: 46287 | N29: DONE | P29: NOT DONE | R29: NOT DONE | T29: NOT DONE | U29: 46073 | V29: DONE | W29: 46115 | X29: DONE | Y29: 46163 | Z29: DONE | AA29: 46163 | AB29: DONE | AC29: 46122 | AD29: DONE | AE29: 45780 | AF29: DONE | AG29: 46255 | AH29: DONE | AJ29: NOT DONE | AL29: NOT DONE | AM29: 46255 | AN29: DONE | AO29: 46256 | AP29: DONE | AQ29: 46256 | AR29: DONE | AT29: NOT DONE | AV29: NOT DONE | AX29: NOT DONE | AZ29: NOT DONE | BA29: 45900 | BB29: DONE | BC29: 45900 | BD29: DONE | BF29: NOT DONE | BH29: NOT DONE | BJ29: NOT DONE | BL29: NOT DONE | BN29: NOT DONE | BP29: NOT DONE | BR29: NOT DONE | BT29: NOT DONE | BV29: NOT DONE | BX29: NOT DONE | BZ29: NOT DONE | CB29: NOT DONE | CD29: NOT DONE | CF29: NOT DONE | CH29: NOT DONE | CI29: 45985 | CJ29: DONE | CL29: NOT DONE | CN29: NOT DONE | CP29: NOT DONE | CR29: NOT DONE | CT29: NOT DONE | CU29: 46287 | CV29: DONE | CW29: 46031 | CX29: DONE | CZ29: NOT DONE | DB29: NOT DONE | DD29: NOT DONE | DF29: NOT DONE | DH29: NOT DONE | DJ29: NOT DONE | DL29: NOT DONE | DN29: NOT DONE | DP29: NOT DONE | DR29: NOT DONE | DT29: NOT DONE | DV29: NOT DONE | DX29: NOT DONE
A30: Q0185 | B30: Jose Dino Constantino | C30: Admin office | D30: 51 | F30: NOT DONE | H30: NOT DONE | J30: NOT DONE | L30: NOT DONE | M30: 45497 | N30: DONE | P30: NOT DONE | R30: NOT DONE | T30: NOT DONE | V30: NOT DONE | X30: NOT DONE | Z30: NOT DONE | AB30: NOT DONE | AD30: NOT DONE | AF30: NOT DONE | AH30: NOT DONE | AJ30: NOT DONE | AL30: NOT DONE | AN30: NOT DONE | AP30: NOT DONE | AR30: NOT DONE | AT30: NOT DONE | AV30: NOT DONE | AX30: NOT DONE | AZ30: NOT DONE | BB30: NOT DONE | BD30: NOT DONE | BF30: NOT DONE | BH30: NOT DONE | BJ30: NOT DONE | BL30: NOT DONE | BN30: NOT DONE | BP30: NOT DONE | BR30: NOT DONE | BT30: NOT DONE | BV30: NOT DONE | BX30: NOT DONE | BZ30: NOT DONE | CB30: NOT DONE | CD30: NOT DONE | CF30: NOT DONE | CH30: NOT DONE | CJ30: NOT DONE | CL30: NOT DONE | CN30: NOT DONE | CP30: NOT DONE | CR30: NOT DONE | CT30: NOT DONE | CV30: NOT DONE | CX30: NOT DONE | CZ30: NOT DONE | DB30: NOT DONE | DD30: NOT DONE | DF30: NOT DONE | DH30: NOT DONE | DJ30: NOT DONE | DL30: NOT DONE | DN30: NOT DONE | DP30: NOT DONE | DR30: NOT DONE | DT30: NOT DONE | DV30: NOT DONE | DX30: NOT DONE
A31: Q0187 | B31: Regin Alis | C31: CM4 | D31: 48 | E31: 46292 | F31: DONE | H31: NOT DONE | J31: NOT DONE | L31: NOT DONE | M31: 45978 | N31: DONE | P31: NOT DONE | R31: NOT DONE | T31: NOT DONE | V31: NOT DONE | W31: 46036 | X31: DONE | Y31: 45756 | Z31: DONE | AA31: 45757 | AB31: DONE | AC31: 46135 | AD31: DONE | AF31: NOT DONE | AH31: NOT DONE | AJ31: NOT DONE | AK31: 45856 | AL31: DONE | AN31: NOT DONE | AP31: NOT DONE | AR31: NOT DONE | AT31: NOT DONE | AU31: 45930 | AV31: DONE | AX31: NOT DONE | AZ31: NOT DONE | BB31: NOT DONE | BD31: NOT DONE | BF31: NOT DONE | BH31: NOT DONE | BJ31: NOT DONE | BL31: NOT DONE | BN31: NOT DONE | BP31: NOT DONE | BR31: NOT DONE | BT31: NOT DONE | BV31: NOT DONE | BX31: NOT DONE | BZ31: NOT DONE | CB31: NOT DONE | CD31: NOT DONE | CF31: NOT DONE | CH31: NOT DONE | CJ31: NOT DONE | CL31: NOT DONE | CN31: NOT DONE | CP31: NOT DONE | CR31: NOT DONE | CT31: NOT DONE | CU31: 45978 | CV31: DONE | CX31: NOT DONE | CY31: 46051 | CZ31: DONE | DB31: NOT DONE | DD31: NOT DONE | DF31: NOT DONE | DH31: NOT DONE | DJ31: NOT DONE | DL31: NOT DONE | DN31: NOT DONE | DP31: NOT DONE | DQ31: 46184 | DR31: NOT DONE | DS31: 46243 | DT31: DONE | DV31: NOT DONE | DX31: NOT DONE
A32: Q0188 | B32: Restito Fabic | C32: Admin office | D32: 51 | E32: 45993 | F32: DONE | H32: NOT DONE | J32: NOT DONE | L32: NOT DONE | N32: NOT DONE | P32: NOT DONE | R32: NOT DONE | T32: NOT DONE | V32: NOT DONE | X32: NOT DONE | Z32: NOT DONE | AB32: NOT DONE | AD32: NOT DONE | AF32: NOT DONE | AH32: NOT DONE | AJ32: NOT DONE | AL32: NOT DONE | AN32: NOT DONE | AP32: NOT DONE | AR32: NOT DONE | AT32: NOT DONE | AV32: NOT DONE | AX32: NOT DONE | AZ32: NOT DONE | BB32: NOT DONE | BD32: NOT DONE | BF32: NOT DONE | BH32: NOT DONE | BJ32: NOT DONE | BL32: NOT DONE | BN32: NOT DONE | BP32: NOT DONE | BR32: NOT DONE | BT32: NOT DONE | BV32: NOT DONE | BX32: NOT DONE | BZ32: NOT DONE | CB32: NOT DONE | CD32: NOT DONE | CF32: NOT DONE | CH32: NOT DONE | CJ32: NOT DONE | CL32: NOT DONE | CN32: NOT DONE | CP32: NOT DONE | CR32: NOT DONE | CT32: NOT DONE | CV32: NOT DONE | CX32: NOT DONE | CZ32: NOT DONE | DB32: NOT DONE | DD32: NOT DONE | DF32: NOT DONE | DH32: NOT DONE | DJ32: NOT DONE | DL32: NOT DONE | DN32: NOT DONE | DP32: NOT DONE | DR32: NOT DONE | DT32: NOT DONE | DV32: NOT DONE | DX32: NOT DONE
A33: Q0194 | B33: Kamalanathan Poopalapillai | C33: Pantry | D33: 51 | F33: NOT DONE | H33: NOT DONE | J33: NOT DONE | L33: NOT DONE | N33: NOT DONE | P33: NOT DONE | R33: NOT DONE | T33: NOT DONE | V33: NOT DONE | X33: NOT DONE | Z33: NOT DONE | AB33: NOT DONE | AD33: NOT DONE | AF33: NOT DONE | AH33: NOT DONE | AJ33: NOT DONE | AL33: NOT DONE | AN33: NOT DONE | AP33: NOT DONE | AR33: NOT DONE | AT33: NOT DONE | AV33: NOT DONE | AX33: NOT DONE | AZ33: NOT DONE | BB33: NOT DONE | BD33: NOT DONE | BF33: NOT DONE | BH33: NOT DONE | BJ33: NOT DONE | BL33: NOT DONE | BN33: NOT DONE | BP33: NOT DONE | BR33: NOT DONE | BT33: NOT DONE | BV33: NOT DONE | BX33: NOT DONE | BZ33: NOT DONE | CB33: NOT DONE | CD33: NOT DONE | CF33: NOT DONE | CH33: NOT DONE | CJ33: NOT DONE | CL33: NOT DONE | CN33: NOT DONE | CP33: NOT DONE | CR33: NOT DONE | CT33: NOT DONE | CV33: NOT DONE | CX33: NOT DONE | CZ33: NOT DONE | DB33: NOT DONE | DD33: NOT DONE | DF33: NOT DONE | DH33: NOT DONE | DJ33: NOT DONE | DL33: NOT DONE | DN33: NOT DONE | DP33: NOT DONE | DR33: NOT DONE | DT33: NOT DONE | DV33: NOT DONE | DX33: NOT DONE
A34: Q0206 | B34: Anil Kumara | C34: Pantry | D34: 51 | F34: NOT DONE | H34: NOT DONE | J34: NOT DONE | L34: NOT DONE | M34: 45504 | N34: DONE | P34: NOT DONE | R34: NOT DONE | T34: NOT DONE | V34: NOT DONE | X34: NOT DONE | Z34: NOT DONE | AB34: NOT DONE | AD34: NOT DONE | AF34: NOT DONE | AH34: NOT DONE | AJ34: NOT DONE | AL34: NOT DONE | AN34: NOT DONE | AP34: NOT DONE | AR34: NOT DONE | AT34: NOT DONE | AV34: NOT DONE | AX34: NOT DONE | AZ34: NOT DONE | BB34: NOT DONE | BD34: NOT DONE | BF34: NOT DONE | BH34: NOT DONE | BJ34: NOT DONE | BL34: NOT DONE | BN34: NOT DONE | BP34: NOT DONE | BR34: NOT DONE | BT34: NOT DONE | BV34: NOT DONE | BX34: NOT DONE | BZ34: NOT DONE | CB34: NOT DONE | CD34: NOT DONE | CF34: NOT DONE | CH34: NOT DONE | CJ34: NOT DONE | CL34: NOT DONE | CN34: NOT DONE | CP34: NOT DONE | CR34: NOT DONE | CT34: NOT DONE | CV34: NOT DONE | CX34: NOT DONE | CZ34: NOT DONE | DB34: NOT DONE | DD34: NOT DONE | DF34: NOT DONE | DH34: NOT DONE | DJ34: NOT DONE | DL34: NOT DONE | DN34: NOT DONE | DP34: NOT DONE | DR34: NOT DONE | DT34: NOT DONE | DV34: NOT DONE | DX34: NOT DONE
A35: Q0207 | B35: Lani Fernando Kachchakaduge | C35: PM2 | D35: 48 | E35: 45875 | F35: DONE | G35: 45995 | H35: DONE | I35: 45995 | J35: DONE | K35: 45523 | L35: DONE | M35: 45523 | N35: DONE | P35: NOT DONE | R35: NOT DONE | T35: NOT DONE | U35: 46179 | V35: DONE | X35: NOT DONE | Y35: 46179 | Z35: DONE | AB35: NOT DONE | AD35: NOT DONE | AF35: NOT DONE | AG35: 46179 | AH35: DONE | AJ35: NOT DONE | AL35: NOT DONE | AM35: 45865 | AN35: DONE | AO35: 45865 | AP35: DONE | AQ35: 45865 | AR35: DONE | AS35: 45931 | AT35: DONE | AV35: NOT DONE | AX35: NOT DONE | AZ35: NOT DONE | BB35: NOT DONE | BD35: NOT DONE | BF35: NOT DONE | BH35: NOT DONE | BJ35: NOT DONE | BL35: NOT DONE | BN35: NOT DONE | BP35: NOT DONE | BR35: NOT DONE | BT35: NOT DONE | BV35: NOT DONE | BX35: NOT DONE | BZ35: NOT DONE | CB35: NOT DONE | CD35: NOT DONE | CF35: NOT DONE | CH35: NOT DONE | CJ35: NOT DONE | CL35: NOT DONE | CN35: NOT DONE | CP35: NOT DONE | CR35: NOT DONE | CT35: NOT DONE | CU35: 45995 | CV35: DONE | CX35: NOT DONE | CZ35: NOT DONE | DB35: NOT DONE | DD35: NOT DONE | DF35: NOT DONE | DH35: NOT DONE | DJ35: NOT DONE | DL35: NOT DONE | DN35: NOT DONE | DP35: NOT DONE | DR35: NOT DONE | DT35: NOT DONE | DV35: NOT DONE | DX35: NOT DONE
A36: Q0208 | B36: Sampath Chamin | C36: PM3 | D36: 40 | E36: 46179 | F36: DONE | G36: 45995 | H36: DONE | I36: 46051 | J36: DONE | L36: NOT DONE | M36: 45511 | N36: DONE | O36: 45721 | P36: DONE | R36: NOT DONE | T36: NOT DONE | U36: 46179 | V36: DONE | X36: NOT DONE | Y36: 46179 | Z36: DONE | AA36: 46051 | AB36: DONE | AD36: NOT DONE | AF36: NOT DONE | AG36: 46051 | AH36: DONE | AJ36: NOT DONE | AL36: NOT DONE | AM36: 46222 | AN36: DONE | AO36: 46222 | AP36: DONE | AQ36: 46222 | AR36: DONE | AS36: 46055 | AT36: DONE | AU36: 46051 | AV36: DONE | AX36: NOT DONE | AZ36: NOT DONE | BB36: NOT DONE | BD36: NOT DONE | BF36: NOT DONE | BH36: NOT DONE | BJ36: NOT DONE | BL36: NOT DONE | BN36: NOT DONE | BP36: NOT DONE | BR36: NOT DONE | BT36: NOT DONE | BV36: NOT DONE | BX36: NOT DONE | BZ36: NOT DONE | CB36: NOT DONE | CD36: NOT DONE | CF36: NOT DONE | CH36: NOT DONE | CJ36: NOT DONE | CL36: NOT DONE | CN36: NOT DONE | CP36: NOT DONE | CR36: NOT DONE | CT36: NOT DONE | CU36: 46055 | CV36: DONE | CX36: NOT DONE | CZ36: NOT DONE | DB36: NOT DONE | DD36: NOT DONE | DF36: NOT DONE | DH36: NOT DONE | DJ36: NOT DONE | DL36: NOT DONE | DN36: NOT DONE | DP36: NOT DONE | DR36: NOT DONE | DT36: NOT DONE | DV36: NOT DONE | DX36: NOT DONE
A37: Q0216 | B37: Raymond Ian Montero | C37: Store room | D37: 51 | F37: NOT DONE | H37: NOT DONE | J37: NOT DONE | L37: NOT DONE | M37: 45511 | N37: DONE | P37: NOT DONE | R37: NOT DONE | T37: NOT DONE | V37: NOT DONE | X37: NOT DONE | Z37: NOT DONE | AB37: NOT DONE | AD37: NOT DONE | AF37: NOT DONE | AH37: NOT DONE | AJ37: NOT DONE | AL37: NOT DONE | AN37: NOT DONE | AP37: NOT DONE | AR37: NOT DONE | AT37: NOT DONE | AV37: NOT DONE | AX37: NOT DONE | AZ37: NOT DONE | BB37: NOT DONE | BD37: NOT DONE | BF37: NOT DONE | BH37: NOT DONE | BJ37: NOT DONE | BL37: NOT DONE | BN37: NOT DONE | BP37: NOT DONE | BR37: NOT DONE | BT37: NOT DONE | BV37: NOT DONE | BX37: NOT DONE | BZ37: NOT DONE | CB37: NOT DONE | CD37: NOT DONE | CF37: NOT DONE | CH37: NOT DONE | CJ37: NOT DONE | CL37: NOT DONE | CN37: NOT DONE | CP37: NOT DONE | CR37: NOT DONE | CT37: NOT DONE | CV37: NOT DONE | CX37: NOT DONE | CZ37: NOT DONE | DB37: NOT DONE | DD37: NOT DONE | DF37: NOT DONE | DH37: NOT DONE | DJ37: NOT DONE | DL37: NOT DONE | DN37: NOT DONE | DP37: NOT DONE | DR37: NOT DONE | DT37: NOT DONE | DV37: NOT DONE | DX37: NOT DONE
A38: Q0219 | B38: James Magnaye Catapia | C38: CM3 | D38: 38 | E38: 46026 | F38: DONE | G38: 45968 | H38: DONE | I38: 45968 | J38: DONE | K38: 46316 | L38: DONE | M38: 45968 | N38: DONE | P38: NOT DONE | R38: NOT DONE | T38: NOT DONE | U38: 46317 | V38: DONE | W38: 45992 | X38: DONE | Y38: 45734 | Z38: DONE | AA38: 46317 | AB38: DONE | AC38: 46076 | AD38: DONE | AE38: 45780 | AF38: DONE | AG38: 45867 | AH38: DONE | AJ38: NOT DONE | AL38: NOT DONE | AM38: 45865 | AN38: DONE | AO38: 46117 | AP38: DONE | AQ38: 45865 | AR38: DONE | AT38: NOT DONE | AU38: 45948 | AV38: DONE | AX38: NOT DONE | AZ38: NOT DONE | BB38: NOT DONE | BD38: NOT DONE | BF38: NOT DONE | BH38: NOT DONE | BJ38: NOT DONE | BL38: NOT DONE | BN38: NOT DONE | BP38: NOT DONE | BR38: NOT DONE | BT38: NOT DONE | BV38: NOT DONE | BX38: NOT DONE | BZ38: NOT DONE | CB38: NOT DONE | CD38: NOT DONE | CF38: NOT DONE | CH38: NOT DONE | CJ38: NOT DONE | CL38: NOT DONE | CM38: 46272 | CN38: DONE | CO38: 46272 | CP38: DONE | CQ38: 46272 | CR38: DONE | CT38: NOT DONE | CU38: 46317 | CV38: DONE | CW38: 46037 | CX38: DONE | CY38: 46048 | CZ38: DONE | DA38: 46048 | DB38: DONE | DC38: 46076 | DD38: DONE | DE38: 46078 | DF38: DONE | DG38: 46313 | DH38: DONE | DJ38: NOT DONE | DK38: 46116 | DL38: DONE | DM38: 46170 | DN38: DONE | DO38: 46171 | DP38: DONE | DR38: DONE | DS38: 46272 | DT38: DONE | DV38: NOT DONE | DW38: 46306 | DX38: DONE
A39: Q0229 | B39: Marty Tolosa Ambas | C39: Resigned | D39: 51 | E39: 45524 | F39: DONE | G39: 45449 | H39: DONE | I39: 45372 | J39: DONE | K39: 45523 | L39: DONE | M39: 45516 | N39: DONE | P39: NOT DONE | R39: NOT DONE | T39: NOT DONE | V39: NOT DONE | X39: NOT DONE | Y39: 45707 | Z39: DONE | AB39: NOT DONE | AD39: NOT DONE | AF39: NOT DONE | AH39: NOT DONE | AJ39: NOT DONE | AL39: NOT DONE | AN39: NOT DONE | AP39: NOT DONE | AR39: NOT DONE | AT39: NOT DONE | AV39: NOT DONE | AX39: NOT DONE | AZ39: NOT DONE | BB39: NOT DONE | BD39: NOT DONE | BF39: NOT DONE | BH39: NOT DONE | BJ39: NOT DONE | BL39: NOT DONE | BN39: NOT DONE | BP39: NOT DONE | BR39: NOT DONE | BT39: NOT DONE | BV39: NOT DONE | BX39: NOT DONE | BZ39: NOT DONE | CB39: NOT DONE | CD39: NOT DONE | CF39: NOT DONE | CH39: NOT DONE | CJ39: NOT DONE | CL39: NOT DONE | CN39: NOT DONE | CP39: NOT DONE | CR39: NOT DONE | CT39: NOT DONE | CV39: NOT DONE | CX39: NOT DONE | CZ39: NOT DONE | DB39: NOT DONE | DD39: NOT DONE | DF39: NOT DONE | DH39: NOT DONE | DJ39: NOT DONE | DL39: NOT DONE | DN39: NOT DONE | DP39: NOT DONE | DR39: NOT DONE | DT39: NOT DONE | DV39: NOT DONE | DX39: NOT DONE
A40: Q0234 | B40: Nove Manuel Menorisa Tagpuno | C40: CM1 | D40: 41 | E40: 45998 | F40: DONE | G40: 45770 | H40: DONE | I40: 45943 | J40: DONE | K40: 46147 | L40: DONE | M40: 45980 | N40: DONE | P40: NOT DONE | R40: NOT DONE | T40: NOT DONE | U40: 46147 | V40: DONE | W40: 46146 | X40: DONE | Y40: 46147 | Z40: DONE | AA40: 46146 | AB40: DONE | AC40: 46120 | AD40: DONE | AF40: NOT DONE | AG40: 45867 | AH40: DONE | AJ40: NOT DONE | AL40: NOT DONE | AM40: 45868 | AN40: DONE | AO40: 45870 | AP40: DONE | AQ40: 45866 | AR40: DONE | AT40: NOT DONE | AV40: NOT DONE | AX40: NOT DONE | AZ40: NOT DONE | BA40: 45887 | BB40: DONE | BC40: 45888 | BD40: DONE | BF40: NOT DONE | BH40: NOT DONE | BJ40: NOT DONE | BL40: NOT DONE | BN40: NOT DONE | BP40: NOT DONE | BR40: NOT DONE | BT40: NOT DONE | BV40: NOT DONE | BX40: NOT DONE | BZ40: NOT DONE | CB40: NOT DONE | CD40: NOT DONE | CF40: NOT DONE | CH40: NOT DONE | CI40: 46306 | CJ40: DONE | CL40: NOT DONE | CN40: NOT DONE | CP40: NOT DONE | CQ40: 46229 | CR40: DONE | CT40: NOT DONE | CU40: 45980 | CV40: DONE | CX40: NOT DONE | CY40: 46047 | CZ40: DONE | DB40: NOT DONE | DC40: 46051 | DD40: DONE | DF40: NOT DONE | DH40: NOT DONE | DJ40: NOT DONE | DL40: NOT DONE | DN40: NOT DONE | DP40: NOT DONE | DR40: NOT DONE | DT40: NOT DONE | DV40: NOT DONE | DX40: NOT DONE
A41: Q0235 | B41: Edgar Noceja | C41: CM1 | D41: 39 | E41: 46031 | F41: DONE | G41: 45820 | H41: DONE | I41: 45820 | J41: DONE | K41: 46147 | L41: DONE | M41: 46031 | N41: DONE | P41: NOT DONE | R41: NOT DONE | T41: NOT DONE | U41: 46147 | V41: DONE | W41: 46146 | X41: DONE | Y41: 46147 | Z41: DONE | AA41: 46146 | AB41: DONE | AC41: 46120 | AD41: DONE | AF41: NOT DONE | AG41: 45867 | AH41: DONE | AJ41: NOT DONE | AL41: NOT DONE | AM41: 45868 | AN41: DONE | AO41: 45870 | AP41: DONE | AQ41: 45866 | AR41: DONE | AT41: NOT DONE | AV41: NOT DONE | AX41: NOT DONE | AZ41: NOT DONE | BA41: 45887 | BB41: DONE | BC41: 45888 | BD41: DONE | BF41: NOT DONE | BH41: NOT DONE | BJ41: NOT DONE | BL41: NOT DONE | BN41: NOT DONE | BP41: NOT DONE | BR41: NOT DONE | BT41: NOT DONE | BV41: NOT DONE | BX41: NOT DONE | BZ41: NOT DONE | CB41: NOT DONE | CD41: NOT DONE | CF41: NOT DONE | CH41: NOT DONE | CI41: 46306 | CJ41: DONE | CL41: NOT DONE | CN41: NOT DONE | CP41: NOT DONE | CQ41: 46307 | CR41: DONE | CT41: NOT DONE | CU41: 46030 | CV41: DONE | CX41: NOT DONE | CY41: 46047 | CZ41: DONE | DB41: NOT DONE | DC41: 46051 | DD41: DONE | DF41: NOT DONE | DH41: NOT DONE | DJ41: NOT DONE | DL41: NOT DONE | DN41: NOT DONE | DP41: NOT DONE | DR41: NOT DONE | DT41: NOT DONE | DV41: NOT DONE | DX41: NOT DONE
A42: Q0237 | B42: Ma. Edelfa Mendoza | C42: Admin office | D42: 51 | F42: NOT DONE | H42: NOT DONE | J42: NOT DONE | L42: NOT DONE | M42: 45504 | N42: DONE | P42: NOT DONE | R42: NOT DONE | T42: NOT DONE | V42: NOT DONE | X42: NOT DONE | Z42: NOT DONE | AB42: NOT DONE | AD42: NOT DONE | AF42: NOT DONE | AH42: NOT DONE | AJ42: NOT DONE | AL42: NOT DONE | AN42: NOT DONE | AP42: NOT DONE | AR42: NOT DONE | AT42: NOT DONE | AV42: NOT DONE | AX42: NOT DONE | AZ42: NOT DONE | BB42: NOT DONE | BD42: NOT DONE | BF42: NOT DONE | BH42: NOT DONE | BJ42: NOT DONE | BL42: NOT DONE | BN42: NOT DONE | BP42: NOT DONE | BR42: NOT DONE | BT42: NOT DONE | BV42: NOT DONE | BX42: NOT DONE | BZ42: NOT DONE | CB42: NOT DONE | CD42: NOT DONE | CF42: NOT DONE | CH42: NOT DONE | CJ42: NOT DONE | CL42: NOT DONE | CN42: NOT DONE | CP42: NOT DONE | CR42: NOT DONE | CT42: NOT DONE | CV42: NOT DONE | CX42: NOT DONE | CZ42: NOT DONE | DB42: NOT DONE | DD42: NOT DONE | DF42: NOT DONE | DH42: NOT DONE | DJ42: NOT DONE | DL42: NOT DONE | DN42: NOT DONE | DP42: NOT DONE | DR42: NOT DONE | DT42: NOT DONE | DV42: NOT DONE | DX42: NOT DONE
A43: Q0265 | B43: Mark Jayson Rosima | C43: Resigned | D43: 51 | E43: 45529 | F43: DONE | G43: 45550 | H43: DONE | I43: 45446 | J43: DONE | K43: 45521 | L43: DONE | M43: 45521 | N43: DONE | P43: NOT DONE | R43: NOT DONE | T43: NOT DONE | V43: NOT DONE | X43: NOT DONE | Y43: 45707 | Z43: DONE | AB43: NOT DONE | AD43: NOT DONE | AF43: NOT DONE | AH43: NOT DONE | AJ43: NOT DONE | AL43: NOT DONE | AN43: NOT DONE | AP43: NOT DONE | AR43: NOT DONE | AT43: NOT DONE | AV43: NOT DONE | AX43: NOT DONE | AZ43: NOT DONE | BB43: NOT DONE | BD43: NOT DONE | BF43: NOT DONE | BH43: NOT DONE | BJ43: NOT DONE | BL43: NOT DONE | BN43: NOT DONE | BP43: NOT DONE | BR43: NOT DONE | BT43: NOT DONE | BV43: NOT DONE | BX43: NOT DONE | BZ43: NOT DONE | CB43: NOT DONE | CD43: NOT DONE | CF43: NOT DONE | CH43: NOT DONE | CJ43: NOT DONE | CL43: NOT DONE | CN43: NOT DONE | CP43: NOT DONE | CR43: NOT DONE | CT43: NOT DONE | CV43: NOT DONE | CX43: NOT DONE | CZ43: NOT DONE | DB43: NOT DONE | DD43: NOT DONE | DF43: NOT DONE | DH43: NOT DONE | DJ43: NOT DONE | DL43: NOT DONE | DN43: NOT DONE | DP43: NOT DONE | DR43: NOT DONE | DT43: NOT DONE | DV43: NOT DONE | DX43: NOT DONE
A44: Q0266 | B44: Cristopher Cruz | C44: ULD Stands | D44: 50 | E44: 45566 | F44: DONE | H44: NOT DONE | I44: 45224 | J44: DONE | L44: NOT DONE | N44: NOT DONE | P44: NOT DONE | R44: NOT DONE | T44: NOT DONE | V44: NOT DONE | X44: NOT DONE | Z44: NOT DONE | AB44: NOT DONE | AD44: NOT DONE | AF44: NOT DONE | AH44: NOT DONE | AJ44: NOT DONE | AL44: NOT DONE | AN44: NOT DONE | AP44: NOT DONE | AR44: NOT DONE | AT44: NOT DONE | AV44: NOT DONE | AX44: NOT DONE | AZ44: NOT DONE | BB44: NOT DONE | BD44: NOT DONE | BF44: NOT DONE | BH44: NOT DONE | BJ44: NOT DONE | BL44: NOT DONE | BN44: NOT DONE | BP44: NOT DONE | BR44: NOT DONE | BT44: NOT DONE | BV44: NOT DONE | BX44: NOT DONE | BZ44: NOT DONE | CB44: NOT DONE | CD44: NOT DONE | CF44: NOT DONE | CH44: NOT DONE | CJ44: NOT DONE | CL44: NOT DONE | CN44: NOT DONE | CP44: NOT DONE | CR44: NOT DONE | CT44: NOT DONE | CU44: 46225 | CV44: DONE | CX44: NOT DONE | CZ44: NOT DONE | DB44: NOT DONE | DD44: NOT DONE | DF44: NOT DONE | DH44: NOT DONE | DJ44: NOT DONE | DL44: NOT DONE | DN44: NOT DONE | DP44: NOT DONE | DR44: NOT DONE | DT44: NOT DONE | DV44: NOT DONE | DX44: NOT DONE
A45: Q0270 | B45: Ramanan Thavarasa | C45: Pantry | D45: 51 | F45: NOT DONE | H45: NOT DONE | J45: NOT DONE | L45: NOT DONE | M45: 45951 | N45: DONE | P45: NOT DONE | R45: NOT DONE | T45: NOT DONE | V45: NOT DONE | X45: NOT DONE | Z45: NOT DONE | AB45: NOT DONE | AD45: NOT DONE | AF45: NOT DONE | AH45: NOT DONE | AJ45: NOT DONE | AL45: NOT DONE | AN45: NOT DONE | AP45: NOT DONE | AR45: NOT DONE | AT45: NOT DONE | AV45: NOT DONE | AX45: NOT DONE | AZ45: NOT DONE | BB45: NOT DONE | BD45: NOT DONE | BF45: NOT DONE | BH45: NOT DONE | BJ45: NOT DONE | BL45: NOT DONE | BN45: NOT DONE | BP45: NOT DONE | BR45: NOT DONE | BT45: NOT DONE | BV45: NOT DONE | BX45: NOT DONE | BZ45: NOT DONE | CB45: NOT DONE | CD45: NOT DONE | CF45: NOT DONE | CH45: NOT DONE | CJ45: NOT DONE | CL45: NOT DONE | CN45: NOT DONE | CP45: NOT DONE | CR45: NOT DONE | CT45: NOT DONE | CV45: NOT DONE | CX45: NOT DONE | CZ45: NOT DONE | DB45: NOT DONE | DD45: NOT DONE | DF45: NOT DONE | DH45: NOT DONE | DJ45: NOT DONE | DL45: NOT DONE | DN45: NOT DONE | DP45: NOT DONE | DR45: NOT DONE | DT45: NOT DONE | DV45: NOT DONE | DX45: NOT DONE
A46: Q0274 | B46: Renato Dimalanta Canlas | C46: DFWH | D46: 47 | E46: 46054 | F46: DONE | H46: NOT DONE | J46: NOT DONE | L46: NOT DONE | N46: NOT DONE | P46: NOT DONE | R46: NOT DONE | T46: NOT DONE | U46: 46120 | V46: DONE | X46: NOT DONE | Y46: 46126 | Z46: DONE | AA46: 46243 | AB46: DONE | AD46: NOT DONE | AF46: NOT DONE | AH46: NOT DONE | AI46: 46146 | AJ46: DONE | AL46: NOT DONE | AN46: NOT DONE | AP46: NOT DONE | AR46: NOT DONE | AT46: NOT DONE | AV46: NOT DONE | AX46: NOT DONE | AZ46: NOT DONE | BB46: NOT DONE | BD46: NOT DONE | BF46: NOT DONE | BH46: NOT DONE | BJ46: NOT DONE | BL46: NOT DONE | BN46: NOT DONE | BP46: NOT DONE | BR46: NOT DONE | BT46: NOT DONE | BV46: NOT DONE | BX46: NOT DONE | BZ46: NOT DONE | CB46: NOT DONE | CD46: NOT DONE | CF46: NOT DONE | CH46: NOT DONE | CJ46: NOT DONE | CL46: NOT DONE | CN46: NOT DONE | CP46: NOT DONE | CR46: NOT DONE | CT46: NOT DONE | CU46: 45995 | CV46: DONE | CX46: NOT DONE | CZ46: NOT DONE | DB46: NOT DONE | DD46: NOT DONE | DF46: NOT DONE | DH46: NOT DONE | DI46: 46074 | DJ46: DONE | DL46: NOT DONE | DN46: NOT DONE | DP46: NOT DONE | DR46: NOT DONE | DT46: NOT DONE | DV46: NOT DONE | DX46: NOT DONE
A47: Q0275 | B47: Ruben Dela Cruz Malabo | C47: DFWH | D47: 48 | E47: 46049 | F47: DONE | H47: NOT DONE | J47: NOT DONE | L47: NOT DONE | N47: NOT DONE | P47: NOT DONE | R47: NOT DONE | T47: NOT DONE | U47: 46130 | V47: DONE | X47: NOT DONE | Y47: 46130 | Z47: DONE | AA47: 46184 | AB47: DONE | AD47: NOT DONE | AF47: NOT DONE | AH47: NOT DONE | AJ47: NOT DONE | AL47: NOT DONE | AN47: NOT DONE | AP47: NOT DONE | AR47: NOT DONE | AT47: NOT DONE | AV47: NOT DONE | AX47: NOT DONE | AZ47: NOT DONE | BB47: NOT DONE | BD47: NOT DONE | BF47: NOT DONE | BH47: NOT DONE | BJ47: NOT DONE | BL47: NOT DONE | BN47: NOT DONE | BP47: NOT DONE | BR47: NOT DONE | BT47: NOT DONE | BV47: NOT DONE | BX47: NOT DONE | BZ47: NOT DONE | CB47: NOT DONE | CD47: NOT DONE | CF47: NOT DONE | CH47: NOT DONE | CJ47: NOT DONE | CL47: NOT DONE | CN47: NOT DONE | CP47: NOT DONE | CR47: NOT DONE | CT47: NOT DONE | CU47: 45991 | CV47: DONE | CX47: NOT DONE | CZ47: NOT DONE | DB47: NOT DONE | DD47: NOT DONE | DF47: NOT DONE | DH47: NOT DONE | DI47: 46072 | DJ47: DONE | DL47: NOT DONE | DN47: NOT DONE | DP47: NOT DONE | DR47: NOT DONE | DT47: NOT DONE | DV47: NOT DONE | DX47: NOT DONE
A48: Q0279 | B48: Manuel Jr. Esplago Feniza | C48: AMH | D48: 50 | E48: 45638 | F48: DONE | H48: NOT DONE | J48: NOT DONE | L48: NOT DONE | N48: NOT DONE | P48: NOT DONE | R48: NOT DONE | T48: NOT DONE | V48: NOT DONE | X48: NOT DONE | Z48: NOT DONE | AA48: 45734 | AB48: DONE | AD48: NOT DONE | AF48: NOT DONE | AH48: NOT DONE | AJ48: NOT DONE | AL48: NOT DONE | AN48: NOT DONE | AP48: NOT DONE | AR48: NOT DONE | AT48: NOT DONE | AV48: NOT DONE | AX48: NOT DONE | AZ48: NOT DONE | BB48: NOT DONE | BD48: NOT DONE | BF48: NOT DONE | BH48: NOT DONE | BJ48: NOT DONE | BL48: NOT DONE | BN48: NOT DONE | BP48: NOT DONE | BR48: NOT DONE | BT48: NOT DONE | BV48: NOT DONE | BX48: NOT DONE | BZ48: NOT DONE | CB48: NOT DONE | CD48: NOT DONE | CF48: NOT DONE | CH48: NOT DONE | CJ48: NOT DONE | CL48: NOT DONE | CN48: NOT DONE | CP48: NOT DONE | CR48: NOT DONE | CT48: NOT DONE | CU48: 46159 | CV48: DONE | CX48: NOT DONE | CZ48: NOT DONE | DB48: NOT DONE | DD48: NOT DONE | DF48: NOT DONE | DH48: NOT DONE | DJ48: NOT DONE | DL48: NOT DONE | DN48: NOT DONE | DP48: NOT DONE | DR48: NOT DONE | DT48: NOT DONE | DV48: NOT DONE | DX48: NOT DONE
A49: Q0281 | B49: Billy Jim Morelos | C49: DFWH | D49: 47 | E49: 46049 | F49: DONE | H49: NOT DONE | J49: NOT DONE | L49: NOT DONE | N49: NOT DONE | P49: NOT DONE | R49: NOT DONE | T49: NOT DONE | U49: 46120 | V49: DONE | X49: NOT DONE | Y49: 46125 | Z49: DONE | AA49: 46184 | AB49: DONE | AD49: NOT DONE | AF49: NOT DONE | AH49: NOT DONE | AI49: 46149 | AJ49: DONE | AL49: NOT DONE | AN49: NOT DONE | AP49: NOT DONE | AR49: NOT DONE | AT49: NOT DONE | AV49: NOT DONE | AX49: NOT DONE | AZ49: NOT DONE | BB49: NOT DONE | BD49: NOT DONE | BF49: NOT DONE | BH49: NOT DONE | BJ49: NOT DONE | BL49: NOT DONE | BN49: NOT DONE | BP49: NOT DONE | BR49: NOT DONE | BT49: NOT DONE | BV49: NOT DONE | BX49: NOT DONE | BZ49: NOT DONE | CB49: NOT DONE | CD49: NOT DONE | CF49: NOT DONE | CH49: NOT DONE | CJ49: NOT DONE | CL49: NOT DONE | CN49: NOT DONE | CP49: NOT DONE | CR49: NOT DONE | CT49: NOT DONE | CU49: 45991 | CV49: DONE | CX49: NOT DONE | CZ49: NOT DONE | DB49: NOT DONE | DD49: NOT DONE | DF49: NOT DONE | DH49: NOT DONE | DI49: 46072 | DJ49: DONE | DL49: NOT DONE | DN49: NOT DONE | DP49: NOT DONE | DR49: NOT DONE | DT49: NOT DONE | DU49: 46299 | DV49: DONE | DX49: NOT DONE
A50: Q0282 | B50: Haren Del Campo | C50: AMH | D50: 50 | F50: NOT DONE | H50: NOT DONE | J50: NOT DONE | L50: NOT DONE | N50: NOT DONE | P50: NOT DONE | R50: NOT DONE | T50: NOT DONE | V50: NOT DONE | X50: NOT DONE | Z50: NOT DONE | AA50: 45733 | AB50: DONE | AD50: NOT DONE | AF50: NOT DONE | AH50: NOT DONE | AJ50: NOT DONE | AL50: NOT DONE | AN50: NOT DONE | AP50: NOT DONE | AR50: NOT DONE | AT50: NOT DONE | AV50: NOT DONE | AX50: NOT DONE | AZ50: NOT DONE | BB50: NOT DONE | BD50: NOT DONE | BF50: NOT DONE | BH50: NOT DONE | BJ50: NOT DONE | BL50: NOT DONE | BN50: NOT DONE | BP50: NOT DONE | BR50: NOT DONE | BT50: NOT DONE | BV50: NOT DONE | BX50: NOT DONE | BZ50: NOT DONE | CB50: NOT DONE | CD50: NOT DONE | CF50: NOT DONE | CH50: NOT DONE | CJ50: NOT DONE | CL50: NOT DONE | CN50: NOT DONE | CP50: NOT DONE | CR50: NOT DONE | CT50: NOT DONE | CU50: 46165 | CV50: DONE | CX50: NOT DONE | CZ50: NOT DONE | DB50: NOT DONE | DD50: NOT DONE | DF50: NOT DONE | DH50: NOT DONE | DJ50: NOT DONE | DL50: NOT DONE | DN50: NOT DONE | DP50: NOT DONE | DR50: NOT DONE | DT50: NOT DONE | DV50: NOT DONE | DX50: NOT DONE
A51: Q0296 | B51: Mohamed Nabhan M. Shahiq | C51: ULD Stands | D51: 50 | E51: 46264 | F51: DONE | H51: NOT DONE | J51: NOT DONE | L51: NOT DONE | N51: NOT DONE | P51: NOT DONE | R51: NOT DONE | T51: NOT DONE | V51: NOT DONE | X51: NOT DONE | Z51: NOT DONE | AB51: NOT DONE | AD51: NOT DONE | AF51: NOT DONE | AH51: NOT DONE | AJ51: NOT DONE | AL51: NOT DONE | AN51: NOT DONE | AP51: NOT DONE | AR51: NOT DONE | AT51: NOT DONE | AV51: NOT DONE | AX51: NOT DONE | AZ51: NOT DONE | BB51: NOT DONE | BD51: NOT DONE | BF51: NOT DONE | BH51: NOT DONE | BJ51: NOT DONE | BL51: NOT DONE | BN51: NOT DONE | BP51: NOT DONE | BR51: NOT DONE | BT51: NOT DONE | BV51: NOT DONE | BX51: NOT DONE | BZ51: NOT DONE | CB51: NOT DONE | CD51: NOT DONE | CF51: NOT DONE | CH51: NOT DONE | CJ51: NOT DONE | CL51: NOT DONE | CN51: NOT DONE | CP51: NOT DONE | CR51: NOT DONE | CT51: NOT DONE | CU51: 46264 | CV51: DONE | CX51: NOT DONE | CZ51: NOT DONE | DB51: NOT DONE | DD51: NOT DONE | DF51: NOT DONE | DH51: NOT DONE | DJ51: NOT DONE | DL51: NOT DONE | DN51: NOT DONE | DP51: NOT DONE | DR51: NOT DONE | DT51: NOT DONE | DV51: NOT DONE | DX51: NOT DONE
A52: Q0301 | B52: Rogelio Reyes Gomez Jr. | C52: DFWH | D52: 47 | E52: 46054 | F52: DONE | H52: NOT DONE | J52: NOT DONE | L52: NOT DONE | N52: NOT DONE | P52: NOT DONE | R52: NOT DONE | T52: NOT DONE | U52: 46120 | V52: DONE | X52: NOT DONE | Y52: 46125 | Z52: DONE | AA52: 46184 | AB52: DONE | AD52: NOT DONE | AF52: NOT DONE | AH52: NOT DONE | AI52: 46146 | AJ52: DONE | AL52: NOT DONE | AN52: NOT DONE | AP52: NOT DONE | AR52: NOT DONE | AT52: NOT DONE | AV52: NOT DONE | AX52: NOT DONE | AZ52: NOT DONE | BB52: NOT DONE | BD52: NOT DONE | BF52: NOT DONE | BH52: NOT DONE | BJ52: NOT DONE | BL52: NOT DONE | BN52: NOT DONE | BP52: NOT DONE | BR52: NOT DONE | BT52: NOT DONE | BV52: NOT DONE | BX52: NOT DONE | BZ52: NOT DONE | CB52: NOT DONE | CD52: NOT DONE | CF52: NOT DONE | CH52: NOT DONE | CJ52: NOT DONE | CL52: NOT DONE | CN52: NOT DONE | CP52: NOT DONE | CR52: NOT DONE | CT52: NOT DONE | CU52: 45991 | CV52: DONE | CX52: NOT DONE | CZ52: NOT DONE | DB52: NOT DONE | DD52: NOT DONE | DF52: NOT DONE | DH52: NOT DONE | DI52: 46071 | DJ52: DONE | DL52: NOT DONE | DN52: NOT DONE | DP52: NOT DONE | DR52: NOT DONE | DT52: NOT DONE | DU52: 46307 | DV52: DONE | DX52: NOT DONE
A53: Q0312 | B53: John Michael Yagonia | C53: Projects | D53: 51 | E53: 45631 | F53: DONE | H53: NOT DONE | J53: NOT DONE | L53: NOT DONE | M53: 45510 | N53: DONE | P53: NOT DONE | R53: NOT DONE | T53: NOT DONE | V53: NOT DONE | X53: NOT DONE | Z53: NOT DONE | AB53: NOT DONE | AD53: NOT DONE | AF53: NOT DONE | AH53: NOT DONE | AJ53: NOT DONE | AL53: NOT DONE | AN53: NOT DONE | AP53: NOT DONE | AR53: NOT DONE | AT53: NOT DONE | AV53: NOT DONE | AX53: NOT DONE | AZ53: NOT DONE | BB53: NOT DONE | BD53: NOT DONE | BF53: NOT DONE | BH53: NOT DONE | BJ53: NOT DONE | BL53: NOT DONE | BN53: NOT DONE | BP53: NOT DONE | BR53: NOT DONE | BT53: NOT DONE | BV53: NOT DONE | BX53: NOT DONE | BZ53: NOT DONE | CB53: NOT DONE | CD53: NOT DONE | CF53: NOT DONE | CH53: NOT DONE | CJ53: NOT DONE | CL53: NOT DONE | CN53: NOT DONE | CP53: NOT DONE | CR53: NOT DONE | CT53: NOT DONE | CU53: 45796 | CV53: DONE | CX53: NOT DONE | CZ53: NOT DONE | DB53: NOT DONE | DD53: NOT DONE | DF53: NOT DONE | DH53: NOT DONE | DJ53: NOT DONE | DL53: NOT DONE | DN53: NOT DONE | DP53: NOT DONE | DR53: NOT DONE | DT53: NOT DONE | DV53: NOT DONE | DX53: NOT DONE
A54: Q0314 | B54: Ronnie Villanueva Gutierrez | C54: Technical support office | D54: 51 | F54: NOT DONE | H54: NOT DONE | J54: NOT DONE | L54: NOT DONE | N54: NOT DONE | P54: NOT DONE | R54: NOT DONE | T54: NOT DONE | V54: NOT DONE | X54: NOT DONE | Z54: NOT DONE | AB54: NOT DONE | AD54: NOT DONE | AF54: NOT DONE | AH54: NOT DONE | AJ54: NOT DONE | AL54: NOT DONE | AN54: NOT DONE | AP54: NOT DONE | AR54: NOT DONE | AT54: NOT DONE | AV54: NOT DONE | AX54: NOT DONE | AZ54: NOT DONE | BB54: NOT DONE | BD54: NOT DONE | BF54: NOT DONE | BH54: NOT DONE | BJ54: NOT DONE | BL54: NOT DONE | BN54: NOT DONE | BP54: NOT DONE | BR54: NOT DONE | BT54: NOT DONE | BV54: NOT DONE | BX54: NOT DONE | BZ54: NOT DONE | CB54: NOT DONE | CD54: NOT DONE | CF54: NOT DONE | CH54: NOT DONE | CJ54: NOT DONE | CL54: NOT DONE | CN54: NOT DONE | CP54: NOT DONE | CR54: NOT DONE | CT54: NOT DONE | CV54: NOT DONE | CX54: NOT DONE | CZ54: NOT DONE | DB54: NOT DONE | DD54: NOT DONE | DF54: NOT DONE | DH54: NOT DONE | DJ54: NOT DONE | DL54: NOT DONE | DN54: NOT DONE | DP54: NOT DONE | DR54: NOT DONE | DT54: NOT DONE | DV54: NOT DONE | DX54: NOT DONE
A55: Q0328 | B55: Nenad Jovkovic | C55: MM office | D55: 51 | F55: NOT DONE | H55: NOT DONE | J55: NOT DONE | L55: NOT DONE | N55: NOT DONE | P55: NOT DONE | R55: NOT DONE | T55: NOT DONE | V55: NOT DONE | X55: NOT DONE | Z55: NOT DONE | AB55: NOT DONE | AD55: NOT DONE | AF55: NOT DONE | AH55: NOT DONE | AJ55: NOT DONE | AL55: NOT DONE | AN55: NOT DONE | AP55: NOT DONE | AR55: NOT DONE | AT55: NOT DONE | AV55: NOT DONE | AX55: NOT DONE | AZ55: NOT DONE | BB55: NOT DONE | BD55: NOT DONE | BF55: NOT DONE | BH55: NOT DONE | BJ55: NOT DONE | BL55: NOT DONE | BN55: NOT DONE | BP55: NOT DONE | BR55: NOT DONE | BT55: NOT DONE | BV55: NOT DONE | BX55: NOT DONE | BZ55: NOT DONE | CB55: NOT DONE | CD55: NOT DONE | CF55: NOT DONE | CH55: NOT DONE | CJ55: NOT DONE | CL55: NOT DONE | CN55: NOT DONE | CP55: NOT DONE | CR55: NOT DONE | CT55: NOT DONE | CV55: NOT DONE | CX55: NOT DONE | CZ55: NOT DONE | DB55: NOT DONE | DD55: NOT DONE | DF55: NOT DONE | DH55: NOT DONE | DJ55: NOT DONE | DL55: NOT DONE | DN55: NOT DONE | DP55: NOT DONE | DR55: NOT DONE | DT55: NOT DONE | DV55: NOT DONE | DX55: NOT DONE
A56: Q0329 | B56: Nhuel Caguicla Landicho | C56: QDF office | D56: 51 | E56: 45637 | F56: DONE | H56: NOT DONE | J56: NOT DONE | L56: NOT DONE | N56: NOT DONE | P56: NOT DONE | R56: NOT DONE | T56: NOT DONE | U56: 45726 | V56: DONE | X56: NOT DONE | Y56: 45729 | Z56: DONE | AA56: 45741 | AB56: DONE | AD56: NOT DONE | AF56: NOT DONE | AH56: NOT DONE | AJ56: NOT DONE | AL56: NOT DONE | AN56: NOT DONE | AP56: NOT DONE | AR56: NOT DONE | AT56: NOT DONE | AV56: NOT DONE | AX56: NOT DONE | AZ56: NOT DONE | BB56: NOT DONE | BD56: NOT DONE | BF56: NOT DONE | BH56: NOT DONE | BJ56: NOT DONE | BL56: NOT DONE | BN56: NOT DONE | BP56: NOT DONE | BR56: NOT DONE | BT56: NOT DONE | BV56: NOT DONE | BX56: NOT DONE | BZ56: NOT DONE | CB56: NOT DONE | CD56: NOT DONE | CF56: NOT DONE | CH56: NOT DONE | CJ56: NOT DONE | CL56: NOT DONE | CN56: NOT DONE | CP56: NOT DONE | CR56: NOT DONE | CT56: NOT DONE | CU56: 45991 | CV56: DONE | CX56: NOT DONE | CZ56: NOT DONE | DB56: NOT DONE | DD56: NOT DONE | DF56: NOT DONE | DH56: NOT DONE | DJ56: NOT DONE | DL56: NOT DONE | DN56: NOT DONE | DP56: NOT DONE | DR56: NOT DONE | DT56: NOT DONE | DV56: NOT DONE | DX56: NOT DONE
A57: Q0334 | B57: Mohamed Riswan Mohamed Salyh | C57: PM1 | D57: 47 | E57: 45949 | F57: DONE | G57: 45921 | H57: DONE | I57: 46051 | J57: DONE | L57: NOT DONE | M57: 45951 | N57: DONE | P57: NOT DONE | R57: NOT DONE | T57: NOT DONE | V57: NOT DONE | X57: NOT DONE | Y57: 45707 | Z57: DONE | AA57: 46051 | AB57: DONE | AD57: NOT DONE | AF57: NOT DONE | AG57: 46051 | AH57: DONE | AJ57: NOT DONE | AL57: NOT DONE | AN57: NOT DONE | AP57: NOT DONE | AR57: NOT DONE | AT57: NOT DONE | AU57: 46051 | AV57: DONE | AX57: NOT DONE | AZ57: NOT DONE | BA57: 45914 | BB57: DONE | BC57: 45914 | BD57: DONE | BF57: NOT DONE | BH57: NOT DONE | BJ57: NOT DONE | BL57: NOT DONE | BN57: NOT DONE | BP57: NOT DONE | BR57: NOT DONE | BT57: NOT DONE | BV57: NOT DONE | BX57: NOT DONE | BZ57: NOT DONE | CB57: NOT DONE | CD57: NOT DONE | CF57: NOT DONE | CH57: NOT DONE | CI57: 45900 | CJ57: DONE | CL57: NOT DONE | CN57: NOT DONE | CP57: NOT DONE | CR57: NOT DONE | CT57: NOT DONE | CU57: 46022 | CV57: DONE | CX57: NOT DONE | CZ57: NOT DONE | DB57: NOT DONE | DD57: NOT DONE | DF57: NOT DONE | DH57: NOT DONE | DJ57: NOT DONE | DL57: NOT DONE | DN57: NOT DONE | DP57: NOT DONE | DR57: NOT DONE | DT57: NOT DONE | DV57: NOT DONE | DX57: NOT DONE
A58: Q0341 | B58: Dennis Ibe Sudario | C58: CM1 | D58: 41 | E58: 45998 | F58: DONE | G58: 45820 | H58: DONE | I58: 45820 | J58: DONE | K58: 46147 | L58: DONE | M58: 45980 | N58: DONE | P58: NOT DONE | R58: NOT DONE | T58: NOT DONE | U58: 46147 | V58: DONE | W58: 46146 | X58: DONE | Y58: 46147 | Z58: DONE | AA58: 46146 | AB58: DONE | AC58: 46120 | AD58: DONE | AF58: NOT DONE | AG58: 45867 | AH58: DONE | AJ58: NOT DONE | AL58: NOT DONE | AM58: 45868 | AN58: DONE | AO58: 45870 | AP58: DONE | AQ58: 45866 | AR58: DONE | AT58: NOT DONE | AV58: NOT DONE | AX58: NOT DONE | AZ58: NOT DONE | BA58: 45887 | BB58: DONE | BC58: 45888 | BD58: DONE | BF58: NOT DONE | BH58: NOT DONE | BJ58: NOT DONE | BL58: NOT DONE | BN58: NOT DONE | BP58: NOT DONE | BR58: NOT DONE | BT58: NOT DONE | BV58: NOT DONE | BX58: NOT DONE | BZ58: NOT DONE | CB58: NOT DONE | CD58: NOT DONE | CF58: NOT DONE | CH58: NOT DONE | CI58: 46306 | CJ58: DONE | CL58: NOT DONE | CN58: NOT DONE | CP58: NOT DONE | CQ58: 46229 | CR58: DONE | CT58: NOT DONE | CU58: 45980 | CV58: DONE | CX58: NOT DONE | CY58: 46047 | CZ58: DONE | DB58: NOT DONE | DC58: 46051 | DD58: DONE | DF58: NOT DONE | DH58: NOT DONE | DJ58: NOT DONE | DL58: NOT DONE | DN58: NOT DONE | DP58: NOT DONE | DR58: NOT DONE | DT58: NOT DONE | DV58: NOT DONE | DX58: NOT DONE
A59: Q0364 | B59: Christian Archie Barbosa Niez | C59: CM1 | D59: 51 | E59: 45998 | F59: DONE | G59: 45770 | H59: DONE | I59: 45371 | J59: DONE | L59: NOT DONE | N59: NOT DONE | P59: NOT DONE | R59: NOT DONE | T59: NOT DONE | U59: 45727 | V59: DONE | W59: 45767 | X59: DONE | Y59: 45727 | Z59: DONE | AA59: 45769 | AB59: DONE | AC59: 45768 | AD59: DONE | AF59: NOT DONE | AG59: 45781 | AH59: DONE | AJ59: NOT DONE | AL59: NOT DONE | AN59: NOT DONE | AP59: NOT DONE | AR59: NOT DONE | AT59: NOT DONE | AV59: NOT DONE | AX59: NOT DONE | AZ59: NOT DONE | BB59: NOT DONE | BD59: NOT DONE | BF59: NOT DONE | BH59: NOT DONE | BJ59: NOT DONE | BL59: NOT DONE | BN59: NOT DONE | BP59: NOT DONE | BR59: NOT DONE | BT59: NOT DONE | BV59: NOT DONE | BX59: NOT DONE | BZ59: NOT DONE | CB59: NOT DONE | CD59: NOT DONE | CF59: NOT DONE | CH59: NOT DONE | CJ59: NOT DONE | CL59: NOT DONE | CN59: NOT DONE | CP59: NOT DONE | CR59: NOT DONE | CT59: NOT DONE | CV59: NOT DONE | CX59: NOT DONE | CZ59: NOT DONE | DB59: NOT DONE | DD59: NOT DONE | DF59: NOT DONE | DH59: NOT DONE | DJ59: NOT DONE | DL59: NOT DONE | DN59: NOT DONE | DP59: NOT DONE | DR59: NOT DONE | DT59: NOT DONE | DV59: NOT DONE | DX59: NOT DONE
